{
  "group_keys": [
    "circuit_family",
    "n_qubits",
    "family_params.tcount"
  ],
  "stats": {
    "('haar', 6, 0)": {
      "mean": 4.039854104538496,
      "std": 0.06755379901347504,
      "stderr": 0.02136238694798168,
      "n": 10
    },
    "('haar', 6, 20)": {
      "mean": 4.063648017722416,
      "std": 0.053818280806875306,
      "stderr": 0.017018834710425042,
      "n": 10
    },
    "('haar', 6, 38)": {
      "mean": 4.066853504220348,
      "std": 0.05866314628392197,
      "stderr": 0.01855091569688361,
      "n": 10
    },
    "('haar', 8, 0)": {
      "mean": 6.015883739409522,
      "std": 0.013583758701184001,
      "stderr": 0.004295561668187201,
      "n": 10
    },
    "('haar', 8, 20)": {
      "mean": 6.01800231301325,
      "std": 0.0129158871279106,
      "stderr": 0.004084362132584802,
      "n": 10
    },
    "('haar', 8, 38)": {
      "mean": 6.0086095138496685,
      "std": 0.014043912376774962,
      "stderr": 0.0044410750370437665,
      "n": 10
    },
    "('haar', 10, 0)": {
      "mean": 8.004944655044735,
      "std": 0.0023594947104843295,
      "stderr": 0.0007461377412250053,
      "n": 10
    },
    "('haar', 10, 20)": {
      "mean": 8.005781686093233,
      "std": 0.0041370736069491956,
      "stderr": 0.001308257544572766,
      "n": 10
    },
    "('haar', 10, 38)": {
      "mean": 8.00383744462494,
      "std": 0.0043880660739741735,
      "stderr": 0.0013876283317071296,
      "n": 10
    },
    "('clifford', 6, 0)": {
      "mean": 3.682979451436482e-13,
      "std": 2.0333867314967223e-14,
      "stderr": 6.4301334354948836e-15,
      "n": 10
    },
    "('clifford', 6, 20)": {
      "mean": 3.7715541942669863e-13,
      "std": 1.1799178908318042e-14,
      "stderr": 3.7312279870104066e-15,
      "n": 10
    },
    "('clifford', 6, 38)": {
      "mean": 3.6382916517082523e-13,
      "std": 1.587596004529109e-14,
      "stderr": 5.0204193784949786e-15,
      "n": 10
    },
    "('clifford', 8, 0)": {
      "mean": 5.206689267976517e-13,
      "std": 1.977206722741772e-14,
      "stderr": 6.2524766488610395e-15,
      "n": 10
    },
    "('clifford', 8, 20)": {
      "mean": 5.227671711576512e-13,
      "std": 1.9564635794985592e-14,
      "stderr": 6.186881070381356e-15,
      "n": 10
    },
    "('clifford', 8, 38)": {
      "mean": 5.240805760242158e-13,
      "std": 1.5012875768963467e-14,
      "stderr": 4.747488165907635e-15,
      "n": 10
    },
    "('clifford', 10, 0)": {
      "mean": 6.69452070767397e-13,
      "std": 2.5485668850918833e-14,
      "stderr": 8.059276126170975e-15,
      "n": 10
    },
    "('clifford', 10, 20)": {
      "mean": 6.661365243359469e-13,
      "std": 1.3629409650966058e-14,
      "stderr": 4.309997766053327e-15,
      "n": 10
    },
    "('clifford', 10, 38)": {
      "mean": 6.605945964843445e-13,
      "std": 6.607506676876597e-15,
      "stderr": 2.089477075370027e-15,
      "n": 10
    },
    "('quansistor', 6, 0)": {
      "mean": 4.064627561205297,
      "std": 0.03230600360408294,
      "stderr": 0.010216055348651063,
      "n": 10
    },
    "('quansistor', 6, 20)": {
      "mean": 4.054688991600403,
      "std": 0.04241100625568077,
      "stderr": 0.013411537762760068,
      "n": 10
    },
    "('quansistor', 6, 38)": {
      "mean": 4.042174675305408,
      "std": 0.040556309169397765,
      "stderr": 0.012825031046526854,
      "n": 10
    },
    "('quansistor', 8, 0)": {
      "mean": 6.009438402157999,
      "std": 0.01510046562693548,
      "stderr": 0.0047751865110198565,
      "n": 10
    },
    "('quansistor', 8, 20)": {
      "mean": 6.01921089082289,
      "std": 0.01646909362333175,
      "stderr": 0.00520798468482835,
      "n": 10
    },
    "('quansistor', 8, 38)": {
      "mean": 6.018874526058741,
      "std": 0.012106697072326653,
      "stderr": 0.0038284737690244494,
      "n": 10
    },
    "('quansistor', 10, 0)": {
      "mean": 8.004550232670399,
      "std": 0.00259043867533473,
      "stderr": 0.0008191686353047186,
      "n": 10
    },
    "('quansistor', 10, 20)": {
      "mean": 8.003941671627834,
      "std": 0.004098213500846484,
      "stderr": 0.001295968900032728,
      "n": 10
    },
    "('quansistor', 10, 38)": {
      "mean": 8.00410159776848,
      "std": 0.0030544794094061662,
      "stderr": 0.0009659111999809424,
      "n": 10
    }
  }
}