{
  "_schema": {
    "type": "property_result",
    "version": 1
  },
  "value": 4.019753962847393,
  "error": null,
  "meta": {
    "method": "sampling",
    "n_qubits": 6,
    "d": 2,
    "n_samples": 10000,
    "batch_size": 500,
    "acc_hat": 3.9456036436821873,
    "mean_abs_expval4": 0.0009632821395708465,
    "se_sre_approx": 0.19475160561298205,
    "compute_time": 0.6138527393341064
  }
}