{
  "_schema": {
    "type": "property_result",
    "version": 1
  },
  "value": 4.381959225468104,
  "error": null,
  "meta": {
    "method": "sampling",
    "n_qubits": 6,
    "d": 2,
    "n_samples": 10000,
    "batch_size": 500,
    "acc_hat": 3.0695789455237583,
    "mean_abs_expval4": 0.0007494089222470113,
    "se_sre_approx": 0.19642503341628176,
    "compute_time": 0.6290085315704346
  }
}