{
  "_schema": {
    "type": "property_result",
    "version": 1
  },
  "value": 8.424952231690828,
  "error": null,
  "meta": {
    "method": "sampling",
    "n_qubits": 10,
    "d": 2,
    "n_samples": 10000,
    "batch_size": 500,
    "acc_hat": 2.979453575716958,
    "mean_abs_expval4": 2.841428352086027e-06,
    "se_sre_approx": 0.053535869201718614,
    "compute_time": 1.3823485374450684
  }
}