{
  "group_keys": [
    "circuit_family",
    "n_layers"
  ],
  "stats": {
    "('haar', 1)": {
      "mean": 3.1398348541332224,
      "std": 0.38766195413421767,
      "stderr": 0.12258947372558554,
      "n": 10
    },
    "('clifford', 1)": {
      "mean": 1.4543556327319803e-14,
      "std": 4.82633056095661e-15,
      "stderr": 1.526219731350101e-15,
      "n": 10
    },
    "('quansistor', 1)": {
      "mean": 3.94731872069422,
      "std": 0.20529518511397876,
      "stderr": 0.0649200377626067,
      "n": 10
    },
    "('haar', 3)": {
      "mean": 4.732912010883053,
      "std": 0.28145921498402166,
      "stderr": 0.08900521877925008,
      "n": 10
    },
    "('clifford', 3)": {
      "mean": 0.6777098211643545,
      "std": 0.4790463489688672,
      "stderr": 0.15148775675294743,
      "n": 10
    },
    "('quansistor', 3)": {
      "mean": 4.7569360841266155,
      "std": 0.4864370796862619,
      "stderr": 0.15382491101694115,
      "n": 10
    },
    "('haar', 5)": {
      "mean": 5.450056483800652,
      "std": 0.2441183373202133,
      "stderr": 0.07719699645451591,
      "n": 10
    },
    "('clifford', 5)": {
      "mean": 1.3775250204723348,
      "std": 0.5288199642951288,
      "stderr": 0.16722755593415256,
      "n": 10
    },
    "('quansistor', 5)": {
      "mean": 5.643094806202062,
      "std": 0.12254080774127184,
      "stderr": 0.03875080587792123,
      "n": 10
    },
    "('haar', 7)": {
      "mean": 5.9167266826719,
      "std": 0.061462635766904895,
      "stderr": 0.019436192002074935,
      "n": 10
    },
    "('clifford', 7)": {
      "mean": 1.2258420058880026,
      "std": 0.5220368632371112,
      "stderr": 0.1650825510399092,
      "n": 10
    },
    "('quansistor', 7)": {
      "mean": 5.764218777142046,
      "std": 0.13686376768557748,
      "stderr": 0.04328012350385766,
      "n": 10
    },
    "('haar', 9)": {
      "mean": 5.97945644432408,
      "std": 0.01949453230110468,
      "stderr": 0.00616471239912142,
      "n": 10
    },
    "('clifford', 9)": {
      "mean": 1.980400756263793,
      "std": 0.8710699257216966,
      "stderr": 0.27545649665542504,
      "n": 10
    },
    "('quansistor', 9)": {
      "mean": 5.909734007671457,
      "std": 0.0619833795627287,
      "stderr": 0.019600865649295425,
      "n": 10
    },
    "('haar', 11)": {
      "mean": 5.994713266253572,
      "std": 0.03983632269810966,
      "stderr": 0.01259735133314907,
      "n": 10
    },
    "('clifford', 11)": {
      "mean": 2.52972014239388,
      "std": 0.6811244529235269,
      "stderr": 0.21539046412744778,
      "n": 10
    },
    "('quansistor', 11)": {
      "mean": 5.972961592477554,
      "std": 0.04429419908484683,
      "stderr": 0.014007055624106179,
      "n": 10
    },
    "('haar', 13)": {
      "mean": 6.012882086239243,
      "std": 0.011955329939683765,
      "stderr": 0.0037806072788204147,
      "n": 10
    },
    "('clifford', 13)": {
      "mean": 2.9302262930654566,
      "std": 0.6049358437856684,
      "stderr": 0.19129751046385277,
      "n": 10
    },
    "('quansistor', 13)": {
      "mean": 5.998508012972922,
      "std": 0.017400941593493494,
      "stderr": 0.005502660886699923,
      "n": 10
    },
    "('haar', 15)": {
      "mean": 6.017465151440562,
      "std": 0.007801519190785232,
      "stderr": 0.002467056985239503,
      "n": 10
    },
    "('clifford', 15)": {
      "mean": 2.9245157534386252,
      "std": 0.9618726027925918,
      "stderr": 0.3041708243739026,
      "n": 10
    },
    "('quansistor', 15)": {
      "mean": 6.003833066382616,
      "std": 0.01664870922056981,
      "stderr": 0.005264784123884722,
      "n": 10
    },
    "('haar', 17)": {
      "mean": 6.017043096762484,
      "std": 0.015071377769202308,
      "stderr": 0.00476598812275068,
      "n": 10
    },
    "('clifford', 17)": {
      "mean": 3.676203289387451,
      "std": 0.8722326660628514,
      "stderr": 0.2758241874359661,
      "n": 10
    },
    "('quansistor', 17)": {
      "mean": 6.012123637031633,
      "std": 0.012797528983838938,
      "stderr": 0.004046934001095121,
      "n": 10
    },
    "('haar', 19)": {
      "mean": 6.015775166358303,
      "std": 0.014929110220439834,
      "stderr": 0.004720999173628831,
      "n": 10
    },
    "('clifford', 19)": {
      "mean": 3.9455806843462056,
      "std": 0.6211713856237524,
      "stderr": 0.19643163958938298,
      "n": 10
    },
    "('quansistor', 19)": {
      "mean": 6.0144472921133865,
      "std": 0.014693097145814713,
      "stderr": 0.004646365286289364,
      "n": 10
    },
    "('haar', 21)": {
      "mean": 6.016168103876579,
      "std": 0.012914518044777959,
      "stderr": 0.004083929190484275,
      "n": 10
    },
    "('clifford', 21)": {
      "mean": 4.490329192405907,
      "std": 0.7319744923407023,
      "stderr": 0.23147065849420934,
      "n": 10
    },
    "('quansistor', 21)": {
      "mean": 6.014891907651597,
      "std": 0.011919804444440706,
      "stderr": 0.00376937313082306,
      "n": 10
    },
    "('haar', 23)": {
      "mean": 6.018236903710902,
      "std": 0.009407795614399266,
      "stderr": 0.002975006190284485,
      "n": 10
    },
    "('clifford', 23)": {
      "mean": 4.14966446505098,
      "std": 0.9036253097881424,
      "stderr": 0.2857514130305774,
      "n": 10
    },
    "('quansistor', 23)": {
      "mean": 6.0203584948949995,
      "std": 0.016370212254127846,
      "stderr": 0.005176715650344313,
      "n": 10
    },
    "('haar', 25)": {
      "mean": 6.013478400265169,
      "std": 0.010279663408565193,
      "stderr": 0.0032507149950956045,
      "n": 10
    },
    "('clifford', 25)": {
      "mean": 4.551848266524537,
      "std": 0.6826663726974594,
      "stderr": 0.21587806197293566,
      "n": 10
    },
    "('quansistor', 25)": {
      "mean": 6.019476056801441,
      "std": 0.010440778956571542,
      "stderr": 0.0033016642049122306,
      "n": 10
    },
    "('haar', 27)": {
      "mean": 6.011965204066529,
      "std": 0.009035156832237427,
      "stderr": 0.0028571674606702115,
      "n": 10
    },
    "('clifford', 27)": {
      "mean": 5.233382489804805,
      "std": 0.5207902594575322,
      "stderr": 0.1646883403115848,
      "n": 10
    },
    "('quansistor', 27)": {
      "mean": 6.010826085151083,
      "std": 0.015785425317332243,
      "stderr": 0.0049917897837256095,
      "n": 10
    },
    "('haar', 29)": {
      "mean": 6.022227319190081,
      "std": 0.01323388419118322,
      "stderr": 0.0041849216335034176,
      "n": 10
    },
    "('clifford', 29)": {
      "mean": 5.233171176146934,
      "std": 0.5523229644727596,
      "stderr": 0.1746598571750181,
      "n": 10
    },
    "('quansistor', 29)": {
      "mean": 6.018123084186308,
      "std": 0.010337438376557238,
      "stderr": 0.003268985044155423,
      "n": 10
    },
    "('haar', 31)": {
      "mean": 6.014379144064813,
      "std": 0.010593027989523388,
      "stderr": 0.003349809576480817,
      "n": 10
    },
    "('clifford', 31)": {
      "mean": 5.282847369744349,
      "std": 0.40137786645583756,
      "stderr": 0.1269268260379342,
      "n": 10
    },
    "('quansistor', 31)": {
      "mean": 6.018323507277671,
      "std": 0.0136545011419582,
      "stderr": 0.004317932392195804,
      "n": 10
    },
    "('haar', 33)": {
      "mean": 6.02054613795828,
      "std": 0.011388470587757587,
      "stderr": 0.003601350612315047,
      "n": 10
    },
    "('clifford', 33)": {
      "mean": 5.729396914618082,
      "std": 0.1844569505988846,
      "stderr": 0.05833040941416351,
      "n": 10
    },
    "('quansistor', 33)": {
      "mean": 6.011939397564726,
      "std": 0.010228632457673447,
      "stderr": 0.0032345775914973925,
      "n": 10
    },
    "('haar', 35)": {
      "mean": 6.013499606495404,
      "std": 0.014125407351056942,
      "stderr": 0.004466846010702557,
      "n": 10
    },
    "('clifford', 35)": {
      "mean": 5.593799819712637,