{
  "group_keys": [
    "n_qubits",
    "family.tcount"
  ],
  "stats": {
    "(6, 0)": {
      "mean": 3.6916287029967845e-13,
      "std": 2.0740355314799063e-14,
      "stderr": 6.558676227594359e-15,
      "n": 10
    },
    "(6, 2)": {
      "mean": 0.7885712486301719,
      "std": 0.13124638121016388,
      "stderr": 0.041503749927884415,
      "n": 10
    },
    "(6, 4)": {
      "mean": 1.4589747235755173,
      "std": 0.32844528482253993,
      "stderr": 0.10386351867819585,
      "n": 10
    },
    "(6, 6)": {
      "mean": 2.158021533767518,
      "std": 0.49475661729400666,
      "stderr": 0.15645577980893136,
      "n": 10
    },
    "(6, 8)": {
      "mean": 2.6120599677155925,
      "std": 0.30290154266033853,
      "stderr": 0.09578587815853278,
      "n": 10
    },
    "(6, 10)": {
      "mean": 2.8590788374863103,
      "std": 0.34239285385619295,
      "stderr": 0.10827412727507356,
      "n": 10
    },
    "(6, 12)": {
      "mean": 3.2152084531411242,
      "std": 0.44605009454626476,
      "stderr": 0.14105342492996464,
      "n": 10
    },
    "(6, 14)": {
      "mean": 3.438746087589788,
      "std": 0.42531555932337783,
      "stderr": 0.13449658917703367,
      "n": 10
    },
    "(6, 16)": {
      "mean": 3.464849854877536,
      "std": 0.46732963442983677,
      "stderr": 0.14778260628921283,
      "n": 10
    },
    "(6, 18)": {
      "mean": 3.512078185284831,
      "std": 0.4115079788966084,
      "stderr": 0.13013024886457855,
      "n": 10
    },
    "(6, 20)": {
      "mean": 3.67613776514316,
      "std": 0.2871511740440162,
      "stderr": 0.09080517427705145,
      "n": 10
    },
    "(6, 22)": {
      "mean": 3.8698749138699746,
      "std": 0.12822079554395024,
      "stderr": 0.04054697573176511,
      "n": 10
    },
    "(6, 24)": {
      "mean": 3.8334940881749753,
      "std": 0.29599929439846756,
      "stderr": 0.09360319561018772,
      "n": 10
    },
    "(6, 26)": {
      "mean": 3.9867335514611164,
      "std": 0.07251541950955172,
      "stderr": 0.022931389113279365,
      "n": 10
    },
    "(6, 28)": {
      "mean": 3.9862131608933042,
      "std": 0.1065548179721866,
      "stderr": 0.033695592045675384,
      "n": 10
    },
    "(6, 30)": {
      "mean": 3.8869884854690127,
      "std": 0.2564207810293509,
      "stderr": 0.0810873707452044,
      "n": 10
    },
    "(6, 32)": {
      "mean": 3.9944872886999674,
      "std": 0.07165941250714994,
      "stderr": 0.02266069593121508,
      "n": 10
    },
    "(6, 34)": {
      "mean": 3.9130449665936786,
      "std": 0.3296928324539319,
      "stderr": 0.10425802787867051,
      "n": 10
    },
    "(6, 36)": {
      "mean": 3.9822445233763943,
      "std": 0.1613775487028376,
      "stderr": 0.05103206171157179,
      "n": 10
    },
    "(6, 38)": {
      "mean": 4.022420514382965,
      "std": 0.09387094297321795,
      "stderr": 0.0296845985903147,
      "n": 10
    },
    "(8, 0)": {
      "mean": 5.228632739527657e-13,
      "std": 2.1484488889177977e-14,
      "stderr": 6.793991925438327e-15,
      "n": 10
    },
    "(8, 2)": {
      "mean": 0.8300749985582077,
      "std": 1.694027172678854e-14,
      "stderr": 5.356984283880541e-15,
      "n": 10
    },
    "(8, 4)": {
      "mean": 1.535638747332239,
      "std": 0.200482158861532,
      "stderr": 0.06339802522301508,
      "n": 10
    },
    "(8, 6)": {
      "mean": 2.0556900404489324,
      "std": 0.3634775874861363,
      "stderr": 0.11494170548793065,
      "n": 10
    },
    "(8, 8)": {
      "mean": 2.9951849057082045,
      "std": 0.5369612314646196,
      "stderr": 0.16980205066370688,
      "n": 10
    },
    "(8, 10)": {
      "mean": 3.450958831708715,
      "std": 0.5521049945166243,
      "stderr": 0.17459092902273066,
      "n": 10
    },
    "(8, 12)": {
      "mean": 3.8301894674490837,
      "std": 0.5591112645875239,
      "stderr": 0.17680650615536186,
      "n": 10
    },
    "(8, 14)": {
      "mean": 4.316270380679546,
      "std": 0.6200392791012406,
      "stderr": 0.19607363607287595,
      "n": 10
    },
    "(8, 16)": {
      "mean": 4.460090771264069,
      "std": 0.5970983247911642,
      "stderr": 0.18881906934110615,
      "n": 10
    },
    "(8, 18)": {
      "mean": 4.722233089740539,
      "std": 0.5526304263368226,
      "stderr": 0.1747570851534261,
      "n": 10
    },
    "(8, 20)": {
      "mean": 4.929893188113526,
      "std": 0.5539096820310705,
      "stderr": 0.17516162132378243,
      "n": 10
    },
    "(8, 22)": {
      "mean": 5.07086437103024,
      "std": 0.3735017098659581,
      "stderr": 0.11811161131438108,
      "n": 10
    },
    "(8, 24)": {
      "mean": 5.184176791940311,
      "std": 0.3641230203355522,
      "stderr": 0.11514580927601532,
      "n": 10
    },
    "(8, 26)": {
      "mean": 5.601821396646146,
      "std": 0.2509081037968317,
      "stderr": 0.07934410913919297,
      "n": 10
    },
    "(8, 28)": {
      "mean": 5.697199080381783,
      "std": 0.1252571735135032,
      "stderr": 0.03960979615775856,
      "n": 10
    },
    "(8, 30)": {
      "mean": 5.713292084472454,
      "std": 0.19805990252734823,
      "stderr": 0.062632040513736,
      "n": 10
    },
    "(8, 32)": {
      "mean": 5.6401805642122635,
      "std": 0.2835034830768822,
      "stderr": 0.08965167311139488,
      "n": 10
    },
    "(8, 34)": {
      "mean": 5.821635358312447,
      "std": 0.17631184689746052,
      "stderr": 0.05575470146668669,
      "n": 10
    },
    "(8, 36)": {
      "mean": 5.794383348326791,
      "std": 0.0833551907897339,
      "stderr": 0.026359225769344855,
      "n": 10
    },
    "(8, 38)": {
      "mean": 5.7458034903721655,
      "std": 0.14537593256400927,
      "stderr": 0.04597190638733113,
      "n": 10
    },
    "(10, 0)": {
      "mean": 6.669213638293819e-13,
      "std": 1.3259718015252609e-14,
      "stderr": 4.1930910059765525e-15,
      "n": 10
    },
    "(10, 2)": {
      "mean": 0.7470674987025939,
      "std": 0.1749951749468954,
      "stderr": 0.05533833323718246,
      "n": 10
    },
    "(10, 4)": {
      "mean": 1.6601499971160543,
      "std": 2.5966985518892842e-14,
      "stderr": 8.211481820831064e-15,
      "n": 10
    },
    "(10, 6)": {
      "mean": 2.241202496106429,
      "std": 0.34999034989377614,
      "stderr": 0.11067666647436028,
      "n": 10
    },
    "(10, 8)": {
      "mean": 3.0328780277092946,
      "std": 0.3830184265240003,
      "stderr": 0.12112106136296899,
      "n": 10
    },
    "(10, 10)": {
      "mean": 3.5102414933520336,
      "std": 0.5475208343443694,
      "stderr": 0.1731412902923951,
      "n": 10
    },
    "(10, 12)": {
      "mean": 3.742480079870417,
      "std": 0.7114697561379854,
      "stderr": 0.22498649157205955,
      "n": 10
    },
    "(10, 14)": {
      "mean": 4.264353853648048,
      "std": 0.7818011034720123,
      "stderr": 0.24722721642045317,
      "n": 10
    },
    "(10, 16)": {
      "mean": 5.099078278668294,
      "std": 0.40128123946157396,
      "stderr": 0.1268962698994013,
      "n": 10
    },
    "(10, 18)": {
      "mean": 5.291964098247262,
      "std": 0.7425428615783727,
      "stderr": 0.2348126702886789,
      "n": 10
    },
    "(10, 20)": {
      "mean": 5.133482216994276,
      "std": 1.045788499379421,
      "stderr": 0.33070736088485564,
      "n": 10
    },
    "(10, 22)": {
      "mean": 6.15412614350308,
      "std": 0.9000114690455928,
      "stderr": 0.2846086162458203,
      "n": 10
    },
    "(10, 24)": {
      "mean": 6.078690765741899,
      "std": 0.8706032921589818,
      "stderr": 0.2753089341663393,
      "n": 10
    },
    "(10, 26)": {
      "mean": 6.859104170693483,
      "std": 0.6837328096221497,
      "stderr": 0.21621529893922833,
      "n": 10
    },
    "(10, 28)": {
      "mean": 6.6144192426982205,
      "std": 0.7276790409483904,
      "stderr": 0.2301123174963846,
      "n": 10
    },
    "(10, 30)": {
      "mean": 7.109905846363063,
      "std": 0.6198384262679448,