{
  "group_keys": [
    "circuit_family",
    "n_layers"
  ],
  "stats": {
    "('haar', 1)": {
      "mean": 3.1398348541332224,
      "std": 0.38766195413421767,
      "stderr": 0.12258947372558554,
      "n": 10
    },
    "('quansistor', 1)": {
      "mean": 3.94731872069422,
      "std": 0.20529518511397876,
      "stderr": 0.0649200377626067,
      "n": 10
    },
    "('haar', 2)": {
      "mean": 4.222741467629391,
      "std": 0.45924555968152425,
      "stderr": 0.14522619739124082,
      "n": 10
    },
    "('quansistor', 2)": {
      "mean": 4.699303375584939,
      "std": 0.4780795956237219,
      "stderr": 0.1511820425023228,
      "n": 10
    },
    "('haar', 3)": {
      "mean": 4.732912010883053,
      "std": 0.28145921498402166,
      "stderr": 0.08900521877925008,
      "n": 10
    },
    "('quansistor', 3)": {
      "mean": 4.756936084126616,
      "std": 0.4864370796862619,
      "stderr": 0.15382491101694115,
      "n": 10
    },
    "('haar', 4)": {
      "mean": 5.319485074403003,
      "std": 0.18617110216935326,
      "stderr": 0.05887247173590707,
      "n": 10
    },
    "('quansistor', 4)": {
      "mean": 5.34647762708995,
      "std": 0.2425263797987556,
      "stderr": 0.07669357528391166,
      "n": 10
    },
    "('haar', 5)": {
      "mean": 5.450056483800652,
      "std": 0.2441183373202133,
      "stderr": 0.07719699645451591,
      "n": 10
    },
    "('quansistor', 5)": {
      "mean": 5.643094806202062,
      "std": 0.12254080774127184,
      "stderr": 0.03875080587792123,
      "n": 10
    },
    "('haar', 6)": {
      "mean": 5.671568838076579,
      "std": 0.23225310482899672,
      "stderr": 0.0734448804905481,
      "n": 10
    },
    "('quansistor', 6)": {
      "mean": 5.710987735463506,
      "std": 0.13297437127799808,
      "stderr": 0.04205018836673491,
      "n": 10
    },
    "('haar', 7)": {
      "mean": 5.916726682671901,
      "std": 0.061462635766904895,
      "stderr": 0.019436192002074935,
      "n": 10
    },
    "('quansistor', 7)": {
      "mean": 5.764218777142046,
      "std": 0.13686376768557748,
      "stderr": 0.04328012350385766,
      "n": 10
    },
    "('haar', 8)": {
      "mean": 5.901419964742287,
      "std": 0.13429563172779369,
      "stderr": 0.04246800760710018,
      "n": 10
    },
    "('quansistor', 8)": {
      "mean": 5.834150572436508,
      "std": 0.11347022186573859,
      "stderr": 0.03588243477003747,
      "n": 10
    },
    "('haar', 9)": {
      "mean": 5.97945644432408,
      "std": 0.01949453230110468,
      "stderr": 0.00616471239912142,
      "n": 10
    },
    "('quansistor', 9)": {
      "mean": 5.909734007671457,
      "std": 0.0619833795627287,
      "stderr": 0.019600865649295425,
      "n": 10
    },
    "('haar', 10)": {
      "mean": 5.981133024194312,
      "std": 0.04583290971515036,
      "stderr": 0.014493638649273426,
      "n": 10
    },
    "('quansistor', 10)": {
      "mean": 5.931771882966926,
      "std": 0.0640118775179794,
      "stderr": 0.020242333026054077,
      "n": 10
    },
    "('haar', 11)": {
      "mean": 5.994713266253572,
      "std": 0.03983632269810966,
      "stderr": 0.01259735133314907,
      "n": 10
    },
    "('quansistor', 11)": {
      "mean": 5.972961592477554,
      "std": 0.04429419908484684,
      "stderr": 0.014007055624106183,
      "n": 10
    },
    "('haar', 12)": {
      "mean": 6.017814744781953,
      "std": 0.019152800847005214,
      "stderr": 0.0060566474248138595,
      "n": 10
    },
    "('quansistor', 12)": {
      "mean": 5.968431661272346,
      "std": 0.05240295190925275,
      "stderr": 0.01657126841495079,
      "n": 10
    },
    "('haar', 13)": {
      "mean": 6.012882086239243,
      "std": 0.011955329939683765,
      "stderr": 0.0037806072788204147,
      "n": 10
    },
    "('quansistor', 13)": {
      "mean": 5.998508012972922,
      "std": 0.017400941593493497,
      "stderr": 0.005502660886699924,
      "n": 10
    },
    "('haar', 14)": {
      "mean": 6.013319290401236,
      "std": 0.013758286309928992,
      "stderr": 0.004350752144008889,
      "n": 10
    },
    "('quansistor', 14)": {
      "mean": 6.001511951422573,
      "std": 0.01692373810893821,
      "stderr": 0.005351755894843555,
      "n": 10
    },
    "('haar', 15)": {
      "mean": 6.017465151440562,
      "std": 0.007801519190785232,
      "stderr": 0.002467056985239503,
      "n": 10
    },
    "('quansistor', 15)": {
      "mean": 6.003833066382616,
      "std": 0.01664870922056981,
      "stderr": 0.005264784123884722,
      "n": 10
    },
    "('haar', 16)": {
      "mean": 6.012994885366259,
      "std": 0.013705710794131803,
      "stderr": 0.0043341263061011616,
      "n": 10
    },
    "('quansistor', 16)": {
      "mean": 6.00671910596907,
      "std": 0.014727413661502643,
      "stderr": 0.0046572171213828395,
      "n": 10
    },
    "('haar', 17)": {
      "mean": 6.017043096762484,
      "std": 0.015071377769202306,
      "stderr": 0.00476598812275068,
      "n": 10
    },
    "('quansistor', 17)": {
      "mean": 6.012123637031633,
      "std": 0.012797528983838938,
      "stderr": 0.004046934001095121,
      "n": 10
    },
    "('haar', 18)": {
      "mean": 6.013945939893825,
      "std": 0.011101468581106562,
      "stderr": 0.0035105926089094436,
      "n": 10
    },
    "('quansistor', 18)": {
      "mean": 6.012286196266921,
      "std": 0.01726783823854056,
      "stderr": 0.005460569910113811,
      "n": 10
    },
    "('haar', 19)": {
      "mean": 6.015775166358303,
      "std": 0.014929110220439834,
      "stderr": 0.004720999173628831,
      "n": 10
    },
    "('quansistor', 19)": {
      "mean": 6.0144472921133865,
      "std": 0.014693097145814713,
      "stderr": 0.004646365286289364,
      "n": 10
    },
    "('haar', 20)": {
      "mean": 6.0159762030287585,
      "std": 0.014931890651087359,
      "stderr": 0.004721878423001063,
      "n": 10
    },
    "('quansistor', 20)": {
      "mean": 6.014439285132086,
      "std": 0.016977041800601774,
      "stderr": 0.0053686120021787746,
      "n": 10
    },
    "('haar', 21)": {
      "mean": 6.016168103876578,
      "std": 0.01291451804477796,
      "stderr": 0.004083929190484276,
      "n": 10
    },
    "('quansistor', 21)": {
      "mean": 6.014891907651597,
      "std": 0.011919804444440706,
      "stderr": 0.00376937313082306,
      "n": 10
    },
    "('haar', 22)": {
      "mean": 6.023100162840313,
      "std": 0.009241074197413443,
      "stderr": 0.0029222842490438964,
      "n": 10
    },
    "('quansistor', 22)": {
      "mean": 6.021415574230205,
      "std": 0.012362176864973535,
      "stderr": 0.003909263573115618,
      "n": 10
    },
    "('haar', 23)": {
      "mean": 6.018236903710902,
      "std": 0.009407795614399264,
      "stderr": 0.0029750061902844844,
      "n": 10
    },
    "('quansistor', 23)": {
      "mean": 6.020358494895001,
      "std": 0.016370212254127846,
      "stderr": 0.005176715650344313,
      "n": 10
    },
    "('haar', 24)": {
      "mean": 6.016669669493722,
      "std": 0.009508000816348896,
      "stderr": 0.0030066938574402824,
      "n": 10
    },
    "('quansistor', 24)": {
      "mean": 6.014680445445298,
      "std": 0.00961554382679444,
      "stderr": 0.003040701943384202,
      "n": 10
    },
    "('haar', 25)": {
      "mean": 6.013478400265169,
      "std": 0.010279663408565193,
      "stderr": 0.0032507149950956045,
      "n": 10
    },
    "('quansistor', 25)": {
      "mean": 6.019476056801442,
      "std": 0.010440778956571544,
      "stderr": 0.0033016642049122314,
      "n": 10
    },
    "('haar', 26)": {
      "mean": 6.013275424635069,
      "std": 0.013190793501078242,
      "stderr": 0.004171295160835396,
      "n": 10
    },
    "('quansistor', 26)": {
      "mean": 6.018005471214815,
      "std": 0.012026853218935492,
      "stderr": 0.0038032249256363866,
      "n": 10
    },
    "('haar', 27)": {
      "mean": 6.011965204066528,