{
  "group_keys": [
    "circuit_family",
    "n_qubits"
  ],
  "stats": {
    "('haar', 6)": {
      "mean": 4.055704368755364,
      "std": 0.05565816113536428,
      "stderr": 0.012445543180131139,
      "n": 20
    },
    "('haar', 8)": {
      "mean": 6.016198291821446,
      "std": 0.01547425851816372,
      "stderr": 0.003460149394801924,
      "n": 20
    },
    "('haar', 10)": {
      "mean": 8.004818901676362,
      "std": 0.0030783023453122217,
      "stderr": 0.0006883293299415158,
      "n": 20
    },
    "('clifford', 6)": {
      "mean": 3.9431534463400197,
      "std": 0.1626421609665603,
      "stderr": 0.03636789279286917,
      "n": 20
    },
    "('clifford', 8)": {
      "mean": 5.525385070279339,
      "std": 0.40536249085853265,
      "stderr": 0.0906418085088316,
      "n": 20
    },
    "('clifford', 10)": {
      "mean": 6.750598618742505,
      "std": 0.7393658391076249,
      "stderr": 0.16532722764858215,
      "n": 20
    },
    "('quansistor', 6)": {
      "mean": 4.065245467536724,
      "std": 0.05923292240927649,
      "stderr": 0.013244884101311284,
      "n": 20
    },
    "('quansistor', 8)": {
      "mean": 6.021600220460341,
      "std": 0.010433696541127009,
      "stderr": 0.002333045472256442,
      "n": 20
    },
    "('quansistor', 10)": {
      "mean": 8.003055344240355,
      "std": 0.0038506609953090328,
      "stderr": 0.0008610339743817996,
      "n": 20
    }
  }
}