{
  "_schema": {
    "type": "property_result",
    "version": 1
  },
  "value": 6.554960047037484,
  "error": null,
  "meta": {
    "method": "sampling",
    "n_qubits": 8,
    "d": 2,
    "n_samples": 10000,
    "batch_size": 500,
    "acc_hat": 2.7227036325580136,
    "mean_abs_expval4": 4.154516040890524e-05,
    "se_sre_approx": 0.04756721827809846,
    "compute_time": 2.533888816833496
  }
}