{
  "_schema": {
    "type": "property_result",
    "version": 1
  },
  "value": 8.384224681417553,
  "error": null,
  "meta": {
    "method": "sampling",
    "n_qubits": 10,
    "d": 2,
    "n_samples": 10000,
    "batch_size": 500,
    "acc_hat": 3.064762585424181,
    "mean_abs_expval4": 2.9227853636018573e-06,
    "se_sre_approx": 0.0390804699670614,
    "compute_time": 1.3371050357818604
  }
}