{
  "_schema": {
    "type": "property_result",
    "version": 1
  },
  "value": 8.449357200678786,
  "error": null,
  "meta": {
    "method": "sampling",
    "n_qubits": 10,
    "d": 2,
    "n_samples": 10000,
    "batch_size": 500,
    "acc_hat": 2.9294763426322774,
    "mean_abs_expval4": 2.7937663484881186e-06,
    "se_sre_approx": 0.04732703797556315,
    "compute_time": 1.355346918106079
  }
}