{
  "_schema": {
    "type": "property_result",
    "version": 1
  },
  "value": 8.417851274721992,
  "error": null,
  "meta": {
    "method": "sampling",
    "n_qubits": 10,
    "d": 2,
    "n_samples": 10000,
    "batch_size": 500,
    "acc_hat": 2.9941546206060825,
    "mean_abs_expval4": 2.8554483610211206e-06,
    "se_sre_approx": 0.06023440790069604,
    "compute_time": 1.9215784072875977
  }
}