{
  "group_keys": [
    "circuit_family",
    "n_layers"
  ],
  "stats": {
    "('haar', 1)": {
      "mean": 4.227567296945301,
      "std": 0.3400983903679739,
      "stderr": 0.10754855421198685,
      "n": 10
    },
    "('haar', 2)": {
      "mean": 5.145154352712585,
      "std": 0.3686193549602475,
      "stderr": 0.11656767512964687,
      "n": 10
    },
    "('haar', 3)": {
      "mean": 6.1816892098634515,
      "std": 0.2614914181762927,
      "stderr": 0.08269084700246379,
      "n": 10
    },
    "('haar', 4)": {
      "mean": 6.775870599938313,
      "std": 0.25735009376258094,
      "stderr": 0.08138124523476474,
      "n": 10
    },
    "('haar', 5)": {
      "mean": 7.2530606905898125,
      "std": 0.218088067126255,
      "stderr": 0.0689655022622658,
      "n": 10
    },
    "('haar', 6)": {
      "mean": 7.428030982689242,
      "std": 0.23880748145778083,
      "stderr": 0.07551755636950147,
      "n": 10
    },
    "('haar', 7)": {
      "mean": 7.755940363481666,
      "std": 0.11715206945877013,
      "stderr": 0.0370467372091963,
      "n": 10
    },
    "('haar', 8)": {
      "mean": 7.842728778898168,
      "std": 0.05074329537451283,
      "stderr": 0.016046438936614737,
      "n": 10
    },
    "('haar', 9)": {
      "mean": 7.879533968080755,
      "std": 0.06254916017067431,
      "stderr": 0.019779781187001716,
      "n": 10
    },
    "('haar', 10)": {
      "mean": 7.942986364099545,
      "std": 0.019421378976161655,
      "stderr": 0.006141579286597983,
      "n": 10
    },
    "('haar', 11)": {
      "mean": 7.9558270525942545,
      "std": 0.02491109560118806,
      "stderr": 0.007877580110995578,
      "n": 10
    },
    "('haar', 12)": {
      "mean": 7.9754805244902585,
      "std": 0.024531658343648614,
      "stderr": 0.0077575915147003235,
      "n": 10
    },
    "('haar', 13)": {
      "mean": 7.990529135533643,
      "std": 0.0081972315485533,
      "stderr": 0.0025921922201217547,
      "n": 10
    },
    "('haar', 14)": {
      "mean": 7.99519051675509,
      "std": 0.009433241873193119,
      "stderr": 0.0029830530038563513,
      "n": 10
    },
    "('haar', 15)": {
      "mean": 7.998709551776534,
      "std": 0.005072246956880104,
      "stderr": 0.0016039853238598997,
      "n": 10
    },
    "('haar', 16)": {
      "mean": 8.00002952746395,
      "std": 0.0037869444012290218,
      "stderr": 0.0011975369680306254,
      "n": 10
    },
    "('haar', 17)": {
      "mean": 8.002631008794502,
      "std": 0.002271687942089169,
      "stderr": 0.0007183708030142458,
      "n": 10
    },
    "('haar', 18)": {
      "mean": 8.003352865273344,
      "std": 0.0038945094438880873,
      "stderr": 0.0012315520211722076,
      "n": 10
    },
    "('haar', 19)": {
      "mean": 8.003028334848363,
      "std": 0.005229366295026145,
      "stderr": 0.0016536708211598663,
      "n": 10
    },
    "('haar', 20)": {
      "mean": 8.0041277329996,
      "std": 0.004599962077173536,
      "stderr": 0.0014546357314267607,
      "n": 10
    },
    "('haar', 21)": {
      "mean": 8.003092962623148,
      "std": 0.00241967878371359,
      "stderr": 0.0007651696162520881,
      "n": 10
    },
    "('haar', 22)": {
      "mean": 8.002717527040607,
      "std": 0.00329886145175083,
      "stderr": 0.0010431915872862276,
      "n": 10
    },
    "('haar', 23)": {
      "mean": 8.004480432175077,
      "std": 0.0030228246504501164,
      "stderr": 0.0009559010862724693,
      "n": 10
    },
    "('haar', 24)": {
      "mean": 8.00358675987998,
      "std": 0.004326754905964162,
      "stderr": 0.0013682400380154404,
      "n": 10
    },
    "('haar', 25)": {
      "mean": 8.005643567021533,
      "std": 0.0032007117876521715,
      "stderr": 0.001012153938273006,
      "n": 10
    },
    "('clifford', 1)": {
      "mean": 3.020373560739783e-15,
      "std": 1.3189554175039669e-15,
      "stderr": 4.985182892995521e-16,
      "n": 7
    }
  }
}