{
  "_schema": {
    "type": "property_result",
    "version": 1
  },
  "value": 6.349846248882459,
  "error": null,
  "meta": {
    "method": "sampling",
    "n_qubits": 8,
    "d": 2,
    "n_samples": 10000,
    "batch_size": 500,
    "acc_hat": 3.1386708686777305,
    "mean_abs_expval4": 4.789231672176713e-05,
    "se_sre_approx": 0.05968567057728848,
    "compute_time": 2.044008731842041
  }
}