{
  "_schema": {
    "type": "property_result",
    "version": 1
  },
  "value": 6.438608501673398,
  "error": null,
  "meta": {
    "method": "sampling",
    "n_qubits": 8,
    "d": 2,
    "n_samples": 10000,
    "batch_size": 500,
    "acc_hat": 2.9513837105840417,
    "mean_abs_expval4": 4.503454148230044e-05,
    "se_sre_approx": 0.05112778111234766,
    "compute_time": 0.9359819889068604
  }
}