{
  "_schema": {
    "type": "property_result",
    "version": 1
  },
  "value": 6.475503353607221,
  "error": null,
  "meta": {
    "method": "sampling",
    "n_qubits": 8,
    "d": 2,
    "n_samples": 10000,
    "batch_size": 500,
    "acc_hat": 2.8768632526814426,
    "mean_abs_expval4": 4.389744953432377e-05,
    "se_sre_approx": 0.04023277417674899,
    "compute_time": 0.934363603591919
  }
}