{
  "_schema": {
    "type": "property_result",
    "version": 1
  },
  "value": 4.748968183881504,
  "error": null,
  "meta": {
    "method": "sampling",
    "n_qubits": 8,
    "d": 2,
    "n_samples": 10000,
    "batch_size": 500,
    "acc_hat": 9.5204635253275,
    "mean_abs_expval4": 0.00014527074471019745,
    "se_sre_approx": 0.9946865353639603,
    "compute_time": 0.9116740226745605
  }
}