{
  "_schema": {
    "type": "property_result",
    "version": 1
  },
  "value": -0.22798745873431628,
  "error": null,
  "meta": {
    "method": "sampling",
    "n_qubits": 6,
    "d": 2,
    "n_samples": 10000,
    "batch_size": 500,
    "acc_hat": 74.95679999998562,
    "mean_abs_expval4": 0.01829999999999649,
    "se_sre_approx": 0.11624499047346154,
    "compute_time": 0.6496055126190186
  }
}