{
  "group_keys": [
    "circuit_family",
    "n_layers"
  ],
  "stats": {
    "('haar', 1)": {
      "mean": 0.37240478915544356,
      "std": 0.216493615217804,
      "stderr": 0.055898411086586094,
      "n": 15
    },
    "('haar', 2)": {
      "mean": 0.3449159014406001,
      "std": 0.28481343802103054,
      "stderr": 0.07353851348210197,
      "n": 15
    },
    "('haar', 3)": {
      "mean": 1.0152815437869842,
      "std": 0.24913529724015585,
      "stderr": 0.06432645714423721,
      "n": 15
    },
    "('haar', 4)": {
      "mean": 1.0138308099082318,
      "std": 0.4474457883543958,
      "stderr": 0.11553000577514823,
      "n": 15
    },
    "('haar', 5)": {
      "mean": 1.6623125141423787,
      "std": 0.24295343268554725,
      "stderr": 0.06273030657966995,
      "n": 15
    },
    "('haar', 6)": {
      "mean": 1.696819253537621,
      "std": 0.2597601083660897,
      "stderr": 0.06706977158072662,
      "n": 15
    },
    "('haar', 7)": {
      "mean": 2.3389924866501466,
      "std": 0.24682469404026997,
      "stderr": 0.06372986196338044,
      "n": 15
    },
    "('haar', 8)": {
      "mean": 2.20857554602879,
      "std": 0.33004451672604657,
      "stderr": 0.08521712778580356,
      "n": 15
    },
    "('haar', 9)": {
      "mean": 2.7560789533094194,
      "std": 0.2373687436403109,
      "stderr": 0.06128834606860679,
      "n": 15
    },
    "('haar', 10)": {
      "mean": 2.7227711910567565,
      "std": 0.2279291788722877,
      "stderr": 0.058851060925806775,
      "n": 15
    },
    "('haar', 11)": {
      "mean": 3.1352757849207267,
      "std": 0.22092899171792343,
      "stderr": 0.057043620374527586,
      "n": 15
    },
    "('haar', 12)": {
      "mean": 3.1957341771888537,
      "std": 0.1688717649559922,
      "stderr": 0.04360250222128074,
      "n": 15
    },
    "('haar', 13)": {
      "mean": 3.379013637563284,
      "std": 0.194078978325895,
      "stderr": 0.05011097672700943,
      "n": 15
    },
    "('haar', 14)": {
      "mean": 3.3709817911663555,
      "std": 0.22075670564215627,
      "stderr": 0.056999136301045604,
      "n": 15
    },
    "('haar', 15)": {
      "mean": 3.708170172491243,
      "std": 0.05095514239708934,
      "stderr": 0.013156561193836966,
      "n": 15
    },
    "('haar', 16)": {
      "mean": 3.672326699073665,
      "std": 0.10586562556526298,
      "stderr": 0.02733438698333958,
      "n": 15
    },
    "('haar', 17)": {
      "mean": 3.777457453133732,
      "std": 0.08516172633247159,
      "stderr": 0.02198866318799574,
      "n": 15
    },
    "('haar', 18)": {
      "mean": 3.774280721602874,
      "std": 0.06641519540655101,
      "stderr": 0.017148329716312225,
      "n": 15
    },
    "('haar', 19)": {
      "mean": 3.8878297666646944,
      "std": 0.0520221831143294,
      "stderr": 0.013432069922343363,
      "n": 15
    },
    "('haar', 20)": {
      "mean": 3.871595744595522,
      "std": 0.08752104121174338,
      "stderr": 0.022597835670387673,
      "n": 15
    },
    "('haar', 21)": {
      "mean": 3.9304166726899163,
      "std": 0.06081268953120365,
      "stderr": 0.01570176891949559,
      "n": 15
    },
    "('haar', 22)": {
      "mean": 3.9263347353574014,
      "std": 0.034701288872159716,
      "stderr": 0.008959834259587155,
      "n": 15
    },
    "('haar', 23)": {
      "mean": 3.9606847467464275,
      "std": 0.0269944264782419,
      "stderr": 0.006969930946043427,
      "n": 15
    },
    "('haar', 24)": {
      "mean": 3.9474650723254,
      "std": 0.04208626313642229,
      "stderr": 0.01086662641543111,
      "n": 15
    },
    "('haar', 25)": {
      "mean": 3.9910543845299165,
      "std": 0.0383349912559511,
      "stderr": 0.009898052180753703,
      "n": 15
    },
    "('quansistor', 1)": {
      "mean": 0.4816632035456373,
      "std": 0.3037474585882383,
      "stderr": 0.07842725657100494,
      "n": 15
    },
    "('quansistor', 2)": {
      "mean": 0.7143238768586613,
      "std": 0.339404967324278,
      "stderr": 0.08763398573780007,
      "n": 15
    },
    "('quansistor', 3)": {
      "mean": 1.136384105832191,
      "std": 0.49180627174132563,
      "stderr": 0.12698383333430088,
      "n": 15
    },
    "('quansistor', 4)": {
      "mean": 1.3151480385104246,
      "std": 0.39344966371140594,
      "stderr": 0.10158826634167892,
      "n": 15
    },
    "('quansistor', 5)": {
      "mean": 1.509189429657406,
      "std": 0.40019038002328294,
      "stderr": 0.10332871180950615,
      "n": 15
    },
    "('quansistor', 6)": {
      "mean": 1.923470981148425,
      "std": 0.36117442441768055,
      "stderr": 0.09325483538971507,
      "n": 15
    },
    "('quansistor', 7)": {
      "mean": 2.0827277472193133,
      "std": 0.3813036454737317,
      "stderr": 0.09845217791786266,
      "n": 15
    },
    "('quansistor', 8)": {
      "mean": 2.3275471057545043,
      "std": 0.3178119926027026,
      "stderr": 0.08205870363835079,
      "n": 15
    },
    "('quansistor', 9)": {
      "mean": 2.4254356105296244,
      "std": 0.4913260769425528,
      "stderr": 0.1268598475703954,
      "n": 15
    },
    "('quansistor', 10)": {
      "mean": 2.62312701167046,
      "std": 0.277730246446946,
      "stderr": 0.07170964128180689,
      "n": 15
    },
    "('quansistor', 11)": {
      "mean": 2.9244443587252347,
      "std": 0.2612273036112107,
      "stderr": 0.06744859976405918,
      "n": 15
    },
    "('quansistor', 12)": {
      "mean": 3.0079482730183833,
      "std": 0.36067559518583847,
      "stderr": 0.09312603823588002,
      "n": 15
    },
    "('quansistor', 13)": {
      "mean": 3.142142383331932,
      "std": 0.3126309002511579,
      "stderr": 0.08072095134550444,
      "n": 15
    },
    "('quansistor', 14)": {
      "mean": 3.3310541998926055,
      "std": 0.27473462856937747,
      "stderr": 0.07093617607171196,
      "n": 15
    },
    "('quansistor', 15)": {
      "mean": 3.3747938510078614,
      "std": 0.20624630468851854,
      "stderr": 0.053252566885030196,
      "n": 15
    },
    "('quansistor', 16)": {
      "mean": 3.5626016329387653,
      "std": 0.16873939177319114,
      "stderr": 0.0435683236124492,
      "n": 15
    },
    "('quansistor', 17)": {
      "mean": 3.6377900733956676,
      "std": 0.13594576626307397,
      "stderr": 0.03510104591495277,
      "n": 15
    },
    "('quansistor', 18)": {
      "mean": 3.6583302409170044,
      "std": 0.15748553676565333,
      "stderr": 0.04066259074412741,
      "n": 15
    },
    "('quansistor', 19)": {
      "mean": 3.7394384604495916,
      "std": 0.1435633453190084,
      "stderr": 0.03706789636975627,
      "n": 15
    },
    "('quansistor', 20)": {
      "mean": 3.7832947623651583,
      "std": 0.11972552699870612,
      "stderr": 0.030912998145459683,
      "n": 15
    },
    "('quansistor', 21)": {
      "mean": 3.822597483631939,
      "std": 0.1213419113766444,
      "stderr": 0.031330346797248006,
      "n": 15
    },
    "('quansistor', 22)": {
      "mean": 3.827362210536791,
      "std": 0.058894541931622295,
      "stderr": 0.015206505338912503,
      "n": 15
    },
    "('quansistor', 23)": {
      "mean": 3.881153854940173,
      "std": 0.07224411404004126,
      "stderr": 0.018653350035905947,
      "n": 15
    },
    "('quansistor', 24)": {
      "mean": 3.8750591676716315,
      "std": 0.09308594079466771,
      "stderr": 0.024034686564253175,
      "n": 15
    },
    "('quansistor', 25)": {
      "mean": 3.8987400562384433,
      "std": 0.06335636129309181,
      "stderr": 0.016358542144296318,
      "n": 15
    }
  }
}