{
  "_schema": {
    "type": "property_result",
    "version": 1
  },
  "value": -0.545177634614895,
  "error": null,
  "meta": {
    "method": "sampling",
    "n_qubits": 8,
    "d": 2,
    "n_samples": 10000,
    "batch_size": 500,
    "acc_hat": 373.5551999998971,
    "mean_abs_expval4": 0.00569999999999843,
    "se_sre_approx": 0.27792999998606827,
    "compute_time": 0.8623716831207275
  }
}