{
  "_schema": {
    "type": "property_result",
    "version": 1
  },
  "value": 8.323627811642128,
  "error": null,
  "meta": {
    "method": "sampling",
    "n_qubits": 10,
    "d": 2,
    "n_samples": 10000,
    "batch_size": 500,
    "acc_hat": 3.1962321275983565,
    "mean_abs_expval4": 3.0481644893630567e-06,
    "se_sre_approx": 0.0514367219462221,
    "compute_time": 1.369133710861206
  }
}