{
  "_schema": {
    "type": "property_result",
    "version": 1
  },
  "value": -0.20414071677982645,
  "error": null,
  "meta": {
    "method": "sampling",
    "n_qubits": 8,
    "d": 2,
    "n_samples": 10000,
    "batch_size": 500,
    "acc_hat": 294.91199999991846,
    "mean_abs_expval4": 0.004499999999998756,
    "se_sre_approx": 0.21756511029080935,
    "compute_time": 0.8858516216278076
  }
}