{
  "_schema": {
    "type": "property_result",
    "version": 1
  },
  "value": 8.41316362981256,
  "error": null,
  "meta": {
    "method": "sampling",
    "n_qubits": 10,
    "d": 2,
    "n_samples": 10000,
    "batch_size": 500,
    "acc_hat": 3.003899133692403,
    "mean_abs_expval4": 2.864741452877429e-06,
    "se_sre_approx": 0.03987652040861663,
    "compute_time": 1.4130973815917969
  }
}