{
  "_schema": {
    "type": "property_result",
    "version": 1
  },
  "value": -0.06983962506826116,
  "error": null,
  "meta": {
    "method": "sampling",
    "n_qubits": 8,
    "d": 2,
    "n_samples": 10000,
    "batch_size": 500,
    "acc_hat": 268.6975999999305,
    "mean_abs_expval4": 0.0040999999999989396,
    "se_sre_approx": 0.25769202230598126,
    "compute_time": 0.8819122314453125
  }
}