{
  "_schema": {
    "type": "property_result",
    "version": 1
  },
  "value": 4.029012137466485,
  "error": null,
  "meta": {
    "method": "sampling",
    "n_qubits": 6,
    "d": 2,
    "n_samples": 10000,
    "batch_size": 500,
    "acc_hat": 3.9203646790020388,
    "mean_abs_expval4": 0.0009571202829594821,
    "se_sre_approx": 0.252115010446114,
    "compute_time": 0.601226806640625
  }
}