{
  "_schema": {
    "type": "property_result",
    "version": 1
  },
  "value": 6.453949237850038,
  "error": null,
  "meta": {
    "method": "sampling",
    "n_qubits": 8,
    "d": 2,
    "n_samples": 10000,
    "batch_size": 500,
    "acc_hat": 2.920166767441343,
    "mean_abs_expval4": 4.4558208731709945e-05,
    "se_sre_approx": 0.0429990966871424,
    "compute_time": 0.941612958908081
  }
}