{
  "_schema": {
    "type": "property_result",
    "version": 1
  },
  "value": 8.457944195265682,
  "error": null,
  "meta": {
    "method": "sampling",
    "n_qubits": 10,
    "d": 2,
    "n_samples": 10000,
    "batch_size": 500,
    "acc_hat": 2.9120917381322315,
    "mean_abs_expval4": 2.7771870976755443e-06,
    "se_sre_approx": 0.049218467794412184,
    "compute_time": 1.4181909561157227
  }
}