{
  "_schema": {
    "type": "property_result",
    "version": 1
  },
  "value": -0.29725012117121397,
  "error": null,
  "meta": {
    "method": "sampling",
    "n_qubits": 10,
    "d": 2,
    "n_samples": 10000,
    "batch_size": 500,
    "acc_hat": 1258.2911999995702,
    "mean_abs_expval4": 0.00119999999999959,
    "se_sre_approx": 0.3659087764679431,
    "compute_time": 1.3073291778564453
  }
}