{
  "_schema": {
    "type": "property_result",
    "version": 1
  },
  "value": 4.292739741608455,
  "error": null,
  "meta": {
    "method": "sampling",
    "n_qubits": 6,
    "d": 2,
    "n_samples": 10000,
    "batch_size": 500,
    "acc_hat": 3.265401201263218,
    "mean_abs_expval4": 0.0007972170901521528,
    "se_sre_approx": 0.180652692485202,
    "compute_time": 0.5957553386688232
  }
}