{
  "_schema": {
    "type": "property_result",
    "version": 1
  },
  "value": 6.381127354454089,
  "error": null,
  "meta": {
    "method": "sampling",
    "n_qubits": 8,
    "d": 2,
    "n_samples": 10000,
    "batch_size": 500,
    "acc_hat": 3.0713494028989725,
    "mean_abs_expval4": 4.686507267607075e-05,
    "se_sre_approx": 0.04037412546749848,
    "compute_time": 0.8808872699737549
  }
}