{
  "_schema": {
    "type": "property_result",
    "version": 1
  },
  "value": 6.485543870829511,
  "error": null,
  "meta": {
    "method": "sampling",
    "n_qubits": 8,
    "d": 2,
    "n_samples": 10000,
    "batch_size": 500,
    "acc_hat": 2.8569110708811487,
    "mean_abs_expval4": 4.3593003400896434e-05,
    "se_sre_approx": 0.04036726056249172,
    "compute_time": 0.8746929168701172
  }
}