{
  "_schema": {
    "type": "property_result",
    "version": 1
  },
  "value": 4.183244421568591,
  "error": null,
  "meta": {
    "method": "sampling",
    "n_qubits": 6,
    "d": 2,
    "n_samples": 10000,
    "batch_size": 500,
    "acc_hat": 3.52288059908828,
    "mean_abs_expval4": 0.0008600782712617871,
    "se_sre_approx": 0.22555360219131604,
    "compute_time": 0.6119101047515869
  }
}