{
  "group_keys": [
    "circuit_family",
    "n_layers"
  ],
  "stats": {
    "('haar', 1)": {
      "mean": 4.042159266623832,
      "std": 0.3460188062256529,
      "stderr": 0.10942075409255134,
      "n": 10
    },
    "('haar', 2)": {
      "mean": 5.304427822036767,
      "std": 0.4704994684471784,
      "stderr": 0.14878499581916094,
      "n": 10
    },
    "('haar', 3)": {
      "mean": 6.221444433459982,
      "std": 0.33102661054400356,
      "stderr": 0.10467980554445609,
      "n": 10
    },
    "('haar', 4)": {
      "mean": 6.687000245710076,
      "std": 0.35473466618496935,
      "stderr": 0.11217695101640159,
      "n": 10
    },
    "('haar', 5)": {
      "mean": 7.147738911482807,
      "std": 0.2650167415496338,
      "stderr": 0.0838056521373024,
      "n": 10
    },
    "('haar', 6)": {
      "mean": 7.497489052388535,
      "std": 0.12094424244663905,
      "stderr": 0.03824592760149949,
      "n": 10
    },
    "('haar', 7)": {
      "mean": 7.644003442619277,
      "std": 0.13070561567933422,
      "stderr": 0.041332744852131245,
      "n": 10
    },
    "('haar', 8)": {
      "mean": 7.800236463552172,
      "std": 0.0905825105995293,
      "stderr": 0.028644704967085693,
      "n": 10
    },
    "('haar', 9)": {
      "mean": 7.884447719898487,
      "std": 0.04688494502637745,
      "stderr": 0.014826321425513598,
      "n": 10
    },
    "('haar', 10)": {
      "mean": 7.9495579813872626,
      "std": 0.027185295062791867,
      "stderr": 0.008596745126215246,
      "n": 10
    },
    "('haar', 11)": {
      "mean": 7.951583776849668,
      "std": 0.03673641216361818,
      "stderr": 0.011617073549974767,
      "n": 10
    },
    "('haar', 12)": {
      "mean": 7.97665584181248,
      "std": 0.011918978707921675,
      "stderr": 0.0037691120100083286,
      "n": 10
    },
    "('haar', 13)": {
      "mean": 7.987593357865684,
      "std": 0.010945127913188236,
      "stderr": 0.0034611533487560507,
      "n": 10
    },
    "('haar', 14)": {
      "mean": 7.996035134771283,
      "std": 0.00691336572366996,
      "stderr": 0.0021861981984535317,
      "n": 10
    },
    "('haar', 15)": {
      "mean": 7.997896020520878,
      "std": 0.006134379341099808,
      "stderr": 0.0019398610749358344,
      "n": 10
    },
    "('haar', 16)": {
      "mean": 8.001900572785344,
      "std": 0.0037727811729522187,
      "stderr": 0.0011930581619930655,
      "n": 10
    },
    "('haar', 17)": {
      "mean": 8.001828589885983,
      "std": 0.0012782200655868062,
      "stderr": 0.0004042086758184118,
      "n": 10
    },
    "('haar', 18)": {
      "mean": 8.003000629828508,
      "std": 0.003067192996304236,
      "stderr": 0.00096993158916378,
      "n": 10
    },
    "('haar', 19)": {
      "mean": 8.000965266989093,
      "std": 0.0034654562439357297,
      "stderr": 0.001095873486248898,
      "n": 10
    },
    "('haar', 20)": {
      "mean": 8.003331373121044,
      "std": 0.003026309274432187,
      "stderr": 0.0009570030211297282,
      "n": 10
    },
    "('haar', 21)": {
      "mean": 8.004222065759455,
      "std": 0.004027325299025053,
      "stderr": 0.0012735520823337863,
      "n": 10
    },
    "('haar', 22)": {
      "mean": 8.003799473275917,
      "std": 0.00416379304843186,
      "stderr": 0.0013167069738620465,
      "n": 10
    },
    "('haar', 23)": {
      "mean": 8.006437868684271,
      "std": 0.004131903201704393,
      "stderr": 0.0013066225188728,
      "n": 10
    },
    "('haar', 24)": {
      "mean": 8.006145115073185,
      "std": 0.0026468247881589963,
      "stderr": 0.0008369994897975097,
      "n": 10
    },
    "('haar', 25)": {
      "mean": 8.003921431463047,
      "std": 0.0034735964013161576,
      "stderr": 0.0013128960332702095,
      "n": 7
    }
  }
}