{
  "_schema": {
    "type": "property_result",
    "version": 1
  },
  "value": 0.049307640224646884,
  "error": null,
  "meta": {
    "method": "sampling",
    "n_qubits": 6,
    "d": 2,
    "n_samples": 10000,
    "batch_size": 500,
    "acc_hat": 61.84959999998815,
    "mean_abs_expval4": 0.015099999999997107,
    "se_sre_approx": 0.145707796984218,
    "compute_time": 0.5883207321166992
  }
}