{
  "_schema": {
    "type": "property_result",
    "version": 1
  },
  "value": 8.404900838384908,
  "error": null,
  "meta": {
    "method": "sampling",
    "n_qubits": 10,
    "d": 2,
    "n_samples": 10000,
    "batch_size": 500,
    "acc_hat": 3.0211528186803993,
    "mean_abs_expval4": 2.881195849113845e-06,
    "se_sre_approx": 0.0419424867594029,
    "compute_time": 4.548731327056885
  }
}