{
  "_schema": {
    "type": "property_result",
    "version": 1
  },
  "value": 0.4803574574922466,
  "error": null,
  "meta": {
    "method": "sampling",
    "n_qubits": 8,
    "d": 2,
    "n_samples": 10000,
    "batch_size": 500,
    "acc_hat": 183.50079999994895,
    "mean_abs_expval4": 0.002799999999999221,
    "se_sre_approx": 0.24109398336402943,
    "compute_time": 0.8708620071411133
  }
}