{
  "_schema": {
    "type": "property_result",
    "version": 1
  },
  "value": 0.2002495382995092,
  "error": null,
  "meta": {
    "method": "sampling",
    "n_qubits": 8,
    "d": 2,
    "n_samples": 10000,
    "batch_size": 500,
    "acc_hat": 222.82239999993834,
    "mean_abs_expval4": 0.003399999999999059,
    "se_sre_approx": 0.20512108567190143,
    "compute_time": 0.9236154556274414
  }
}