{
  "group_keys": [
    "circuit_family",
    "n_qubits",
    "family.tcount"
  ],
  "stats": {
    "('haar', 6, 0)": {
      "mean": 4.068946122320212,
      "std": 0.04103025924104021,
      "stderr": 0.0074910661755341725,
      "n": 30
    },
    "('haar', 8, 0)": {
      "mean": 6.019111900126538,
      "std": 0.015200575316309575,
      "stderr": 0.00277523266259966,
      "n": 30
    },
    "('haar', 10, 0)": {
      "mean": 8.00443725962142,
      "std": 0.0041647921867173174,
      "stderr": 0.0007603835426621141,
      "n": 30
    },
    "('clifford', 6, 0)": {
      "mean": 3.7279875938150943e-13,
      "std": 2.0359635444332024e-14,
      "stderr": 3.717143865147455e-15,
      "n": 30
    },
    "('clifford', 8, 0)": {
      "mean": 5.244703262488469e-13,
      "std": 2.0575612524276447e-14,
      "stderr": 3.756575704677341e-15,
      "n": 30
    },
    "('clifford', 10, 0)": {
      "mean": 6.68886132085056e-13,
      "std": 1.8496502968558448e-14,
      "stderr": 3.3769839702802436e-15,
      "n": 30
    },
    "('quansistor', 6, 0)": {
      "mean": 4.055886652439054,
      "std": 0.04150338594263024,
      "stderr": 0.007577446897873799,
      "n": 30
    },
    "('quansistor', 8, 0)": {
      "mean": 6.017169185386101,
      "std": 0.01484930521630299,
      "stderr": 0.002711099810082759,
      "n": 30
    },
    "('quansistor', 10, 0)": {
      "mean": 8.004734792406095,
      "std": 0.003235452929857223,
      "stderr": 0.000590710184476327,
      "n": 30
    }
  }
}