{
  "_schema": {
    "type": "property_result",
    "version": 1
  },
  "value": 4.758834111734543,
  "error": null,
  "meta": {
    "method": "sampling",
    "n_qubits": 8,
    "d": 2,
    "n_samples": 10000,
    "batch_size": 500,
    "acc_hat": 9.455579562628518,
    "mean_abs_expval4": 0.00014428069400983457,
    "se_sre_approx": 1.0024227340015683,
    "compute_time": 0.8823182582855225
  }
}