{
  "_schema": {
    "type": "property_result",
    "version": 1
  },
  "value": 8.53441031600637,
  "error": null,
  "meta": {
    "method": "sampling",
    "n_qubits": 10,
    "d": 2,
    "n_samples": 10000,
    "batch_size": 500,
    "acc_hat": 2.7617633131796393,
    "mean_abs_expval4": 2.6338227397724526e-06,
    "se_sre_approx": 0.04002083490558648,
    "compute_time": 1.3397297859191895
  }
}