{
  "_schema": {
    "type": "property_result",
    "version": 1
  },
  "value": 8.411950640868223,
  "error": null,
  "meta": {
    "method": "sampling",
    "n_qubits": 10,
    "d": 2,
    "n_samples": 10000,
    "batch_size": 500,
    "acc_hat": 3.006425813647933,
    "mean_abs_expval4": 2.8671510826567966e-06,
    "se_sre_approx": 0.06289043217301526,
    "compute_time": 1.3862972259521484
  }
}