{
  "group_keys": [
    "circuit_family",
    "n_qubits"
  ],
  "stats": {
    "('haar', 4)": {
      "mean": 1.1388370930264562,
      "std": 0.2087024002646435,
      "stderr": 0.05388672803589858,
      "n": 15
    },
    "('haar', 6)": {
      "mean": 1.9997313430969688,
      "std": 0.13778040745325698,
      "stderr": 0.03557474823334243,
      "n": 15
    },
    "('haar', 8)": {
      "mean": 2.9756287959708936,
      "std": 0.06589969108518688,
      "stderr": 0.017015227072876143,
      "n": 15
    },
    "('haar', 10)": {
      "mean": 3.968302651823897,
      "std": 0.04484458966088366,
      "stderr": 0.01157882326160718,
      "n": 15
    },
    "('clifford', 4)": {
      "mean": 1.0362271765145707,
      "std": 0.29799812147712595,
      "stderr": 0.07694278411213357,
      "n": 15
    },
    "('clifford', 6)": {
      "mean": 1.9624662104303026,
      "std": 0.25743946079601193,
      "stderr": 0.06647058295463809,
      "n": 15
    },
    "('clifford', 8)": {
      "mean": 2.964423644092647,
      "std": 0.2397898666297387,
      "stderr": 0.06191347733641837,
      "n": 15
    },
    "('clifford', 10)": {
      "mean": 3.762875828412456,
      "std": 0.37522453161451413,
      "stderr": 0.0968825574687661,
      "n": 15
    },
    "('quansistor', 4)": {
      "mean": 1.1180788970151814,
      "std": 0.22666359341238237,
      "stderr": 0.05852428816517907,
      "n": 15
    },
    "('quansistor', 6)": {
      "mean": 2.06884311044348,
      "std": 0.1298452287755463,
      "stderr": 0.03352589390881219,
      "n": 15
    },
    "('quansistor', 8)": {
      "mean": 3.005286709605937,
      "std": 0.04563202544752419,
      "stderr": 0.011782138307464949,
      "n": 15
    },
    "('quansistor', 10)": {
      "mean": 3.8849073678572457,
      "std": 0.0806080382486134,
      "stderr": 0.020812905980488676,
      "n": 15
    }
  }
}