{
  "_schema": {
    "type": "property_result",
    "version": 1
  },
  "value": -0.20414071677992154,
  "error": null,
  "meta": {
    "method": "sampling",
    "n_qubits": 6,
    "d": 2,
    "n_samples": 10000,
    "batch_size": 500,
    "acc_hat": 73.72799999998448,
    "mean_abs_expval4": 0.01799999999999621,
    "se_sre_approx": 0.11453575848288788,
    "compute_time": 0.5878372192382812
  }
}