{
  "_schema": {
    "type": "property_result",
    "version": 1
  },
  "value": 8.397185849862074,
  "error": null,
  "meta": {
    "method": "sampling",
    "n_qubits": 10,
    "d": 2,
    "n_samples": 10000,
    "batch_size": 500,
    "acc_hat": 3.0373520787583024,
    "mean_abs_expval4": 2.8966446673949264e-06,
    "se_sre_approx": 0.05879219577858743,
    "compute_time": 1.4273924827575684
  }
}