{
  "_schema": {
    "type": "property_result",
    "version": 1
  },
  "value": 8.389806081906649,
  "error": null,
  "meta": {
    "method": "sampling",
    "n_qubits": 10,
    "d": 2,
    "n_samples": 10000,
    "batch_size": 500,
    "acc_hat": 3.052928746035431,
    "mean_abs_expval4": 2.9114997349123295e-06,
    "se_sre_approx": 0.045352758029939516,
    "compute_time": 1.3491015434265137
  }
}