{
  "_schema": {
    "type": "property_result",
    "version": 1
  },
  "value": 4.249862877062288,
  "error": null,
  "meta": {
    "method": "sampling",
    "n_qubits": 6,
    "d": 2,
    "n_samples": 10000,
    "batch_size": 500,
    "acc_hat": 3.3639053728413884,
    "mean_abs_expval4": 0.0008212659601663546,
    "se_sre_approx": 0.17493360494477056,
    "compute_time": 0.5838634967803955
  }
}