{
  "_schema": {
    "type": "property_result",
    "version": 1
  },
  "value": 3.902621600594538,
  "error": null,
  "meta": {
    "method": "sampling",
    "n_qubits": 6,
    "d": 2,
    "n_samples": 10000,
    "batch_size": 500,
    "acc_hat": 4.279310609678987,
    "mean_abs_expval4": 0.001044753566816159,
    "se_sre_approx": 0.24735715342681425,
    "compute_time": 0.6071035861968994
  }
}