{
  "_schema": {
    "type": "property_result",
    "version": 1
  },
  "value": 3.6575817259034844,
  "error": null,
  "meta": {
    "method": "sampling",
    "n_qubits": 6,
    "d": 2,
    "n_samples": 10000,
    "batch_size": 500,
    "acc_hat": 5.071520238105474,
    "mean_abs_expval4": 0.0012381641206312191,
    "se_sre_approx": 0.28242185254734936,
    "compute_time": 0.5852682590484619
  }
}