{
  "_schema": {
    "type": "property_result",
    "version": 1
  },
  "value": 6.455903883069002,
  "error": null,
  "meta": {
    "method": "sampling",
    "n_qubits": 8,
    "d": 2,
    "n_samples": 10000,
    "batch_size": 500,
    "acc_hat": 2.9162130385466636,
    "mean_abs_expval4": 4.449787961649572e-05,
    "se_sre_approx": 0.04517588010988333,
    "compute_time": 2.625075340270996
  }
}