{
  "_schema": {
    "type": "property_result",
    "version": 1
  },
  "value": 6.482534837351916,
  "error": null,
  "meta": {
    "method": "sampling",
    "n_qubits": 8,
    "d": 2,
    "n_samples": 10000,
    "batch_size": 500,
    "acc_hat": 2.8628759574045666,
    "mean_abs_expval4": 4.3684020346139016e-05,
    "se_sre_approx": 0.04185907748304539,
    "compute_time": 0.8939883708953857
  }
}