{
  "group_keys": [
    "n_qubits",
    "family.tcount"
  ],
  "stats": {
    "(6, 0)": {
      "mean": 3.9626385852191086e-14,
      "std": 5.567576152832018e-15,
      "stderr": 1.76062216893869e-15,
      "n": 10
    },
    "(6, 2)": {
      "mean": 0.7885712486298424,
      "std": 0.13124638121016596,
      "stderr": 0.041503749927885074,
      "n": 10
    },
    "(6, 4)": {
      "mean": 1.5176147685175414,
      "std": 0.2075493602585959,
      "stderr": 0.06563287053279966,
      "n": 10
    },
    "(6, 6)": {
      "mean": 2.036258536318053,
      "std": 0.4364460977424795,
      "stderr": 0.13801637447587078,
      "n": 10
    },
    "(6, 8)": {
      "mean": 2.534908351426386,
      "std": 0.35988695958691225,
      "stderr": 0.11380624924876129,
      "n": 10
    },
    "(6, 10)": {
      "mean": 2.7768624944404974,
      "std": 0.4991339308644425,
      "stderr": 0.15784000790046548,
      "n": 10
    },
    "(6, 12)": {
      "mean": 2.99818453752612,
      "std": 0.5011691476309358,
      "stderr": 0.15848359995189365,
      "n": 10
    },
    "(6, 14)": {
      "mean": 3.1974890825154443,
      "std": 0.5108594706050532,
      "stderr": 0.16154794913798046,
      "n": 10
    },
    "(6, 16)": {
      "mean": 3.2895909580676053,
      "std": 0.43577777938262835,
      "stderr": 0.137805033653947,
      "n": 10
    },
    "(6, 18)": {
      "mean": 3.1939568951981174,
      "std": 0.7257553404993952,
      "stderr": 0.22950399000091326,
      "n": 10
    },
    "(6, 20)": {
      "mean": 3.448107106388435,
      "std": 0.5446002008034803,
      "stderr": 0.1722177048724059,
      "n": 10
    },
    "(6, 22)": {
      "mean": 3.396786115832479,
      "std": 0.2919725455826022,
      "stderr": 0.09232982582783568,
      "n": 10
    },
    "(6, 24)": {
      "mean": 3.5247491347373936,
      "std": 0.39951853795871106,
      "stderr": 0.12633885474099646,
      "n": 10
    },
    "(6, 26)": {
      "mean": 3.5820558536168674,
      "std": 0.43067460002927815,
      "stderr": 0.13619126664745382,
      "n": 10
    },
    "(6, 28)": {
      "mean": 3.617191235351963,
      "std": 0.4452856740091505,
      "stderr": 0.1408116939312156,
      "n": 10
    },
    "(6, 30)": {
      "mean": 3.8053099133047548,
      "std": 0.32484830170476714,
      "stderr": 0.10272605274246227,
      "n": 10
    },
    "(6, 32)": {
      "mean": 3.6348590781930916,
      "std": 0.6404115926853137,
      "stderr": 0.20251592728616188,
      "n": 10
    },
    "(6, 34)": {
      "mean": 3.6313753204002532,
      "std": 0.4355475868177526,
      "stderr": 0.13773224037340265,
      "n": 10
    },
    "(6, 36)": {
      "mean": 3.582925325520951,
      "std": 0.43929176696624633,
      "stderr": 0.13891625409732544,
      "n": 10
    },
    "(6, 38)": {
      "mean": 3.871590731548406,
      "std": 0.19828182984182652,
      "stderr": 0.06270222009261159,
      "n": 10
    },
    "(8, 0)": {
      "mean": 5.966381863355415e-14,
      "std": 1.4106447834261493e-14,
      "stderr": 4.4608504850615736e-15,
      "n": 10
    },
    "(8, 2)": {
      "mean": 0.7055637487740933,
      "std": 0.20048215886153717,
      "stderr": 0.0633980252230167,
      "n": 10
    },
    "(8, 4)": {
      "mean": 1.532119804485552,
      "std": 0.2786079728190803,
      "stderr": 0.08810357683905766,
      "n": 10
    },
    "(8, 6)": {
      "mean": 2.0428364532685213,
      "std": 0.4285596185858569,
      "stderr": 0.13552245079043365,
      "n": 10
    },
    "(8, 8)": {
      "mean": 2.522419251057122,
      "std": 0.34912892349641944,
      "stderr": 0.11040425952913623,
      "n": 10
    },
    "(8, 10)": {
      "mean": 2.978344253715701,
      "std": 0.8559343812721617,
      "stderr": 0.2706702172467001,
      "n": 10
    },
    "(8, 12)": {
      "mean": 3.327293291410519,
      "std": 0.7069166552099312,
      "stderr": 0.2235466746371318,
      "n": 10
    },
    "(8, 14)": {
      "mean": 3.5063678118141945,
      "std": 0.7818063668174152,
      "stderr": 0.24722888083641173,
      "n": 10
    },
    "(8, 16)": {
      "mean": 3.8380167144411885,
      "std": 0.7245182147592657,
      "stderr": 0.2291127764918302,
      "n": 10
    },
    "(8, 18)": {
      "mean": 4.417855056714423,
      "std": 0.8057690550114978,
      "stderr": 0.2548065481917845,
      "n": 10
    },
    "(8, 20)": {
      "mean": 4.45850252011447,
      "std": 0.6482538773826135,
      "stderr": 0.20499587545645706,
      "n": 10
    },
    "(8, 22)": {
      "mean": 4.176475301400432,
      "std": 0.6191429516406244,
      "stderr": 0.19579019244238577,
      "n": 10
    },
    "(8, 24)": {
      "mean": 4.547395674440928,
      "std": 0.8845680982332385,
      "stderr": 0.27972499359405983,
      "n": 10
    },
    "(8, 26)": {
      "mean": 4.676312910728425,
      "std": 0.47924157597914324,
      "stderr": 0.15154949295427317,
      "n": 10
    },
    "(8, 28)": {
      "mean": 4.448127807617539,
      "std": 0.6899932436091913,
      "stderr": 0.2181950219932464,
      "n": 10
    },
    "(8, 30)": {
      "mean": 4.947532227056688,
      "std": 0.5826693583592953,
      "stderr": 0.18425622952042434,
      "n": 10
    },
    "(8, 32)": {
      "mean": 4.5530005298993474,
      "std": 0.684192123793913,
      "stderr": 0.21636054683366493,
      "n": 10
    },
    "(8, 34)": {
      "mean": 4.721079370967291,
      "std": 0.803422957148838,
      "stderr": 0.25406464690581876,
      "n": 10
    },
    "(8, 36)": {
      "mean": 4.735576885226804,
      "std": 0.6451672833598234,
      "stderr": 0.2040198087240292,
      "n": 10
    },
    "(8, 38)": {
      "mean": 4.783114844985725,
      "std": 0.6176146718675497,
      "stderr": 0.19530690794389763,
      "n": 10
    },
    "(10, 0)": {
      "mean": 7.747486999476589e-14,
      "std": 7.0882924738164335e-15,
      "stderr": 2.2415148938689363e-15,
      "n": 10
    },
    "(10, 2)": {
      "mean": 0.7470674987019941,
      "std": 0.1749951749468884,
      "stderr": 0.055338333237180244,
      "n": 10
    },
    "(10, 4)": {
      "mean": 1.5356387473317927,
      "std": 0.200482158861533,
      "stderr": 0.06339802522301538,
      "n": 10
    },
    "(10, 6)": {
      "mean": 1.9434983791617106,
      "std": 0.46257328066657744,
      "stderr": 0.14627851516427154,
      "n": 10
    },
    "(10, 8)": {
      "mean": 2.740445381717706,
      "std": 0.505016753388409,
      "stderr": 0.15970031972509294,
      "n": 10
    },
    "(10, 10)": {
      "mean": 3.2008368915037075,
      "std": 0.5489784277658427,
      "stderr": 0.17360222180382848,
      "n": 10
    },
    "(10, 12)": {
      "mean": 3.442563536585186,
      "std": 0.7711536673172649,
      "stderr": 0.2438602014714305,
      "n": 10
    },
    "(10, 14)": {
      "mean": 3.6897520689754257,
      "std": 0.8062136900693692,
      "stderr": 0.2549471541428279,
      "n": 10
    },
    "(10, 16)": {
      "mean": 3.830778775938017,
      "std": 0.6430132342123832,
      "stderr": 0.20333863857424372,
      "n": 10
    },
    "(10, 18)": {
      "mean": 4.274570808686169,
      "std": 0.5850368596080868,
      "stderr": 0.18500489915137172,
      "n": 10
    },
    "(10, 20)": {
      "mean": 4.590712013634284,
      "std": 0.7265435461902396,
      "stderr": 0.22975324252569077,
      "n": 10
    },
    "(10, 22)": {
      "mean": 4.3792772178703405,
      "std": 0.6882156809386769,
      "stderr": 0.2176329073209947,
      "n": 10
    },
    "(10, 24)": {
      "mean": 5.11895575376023,
      "std": 0.8732370706148983,
      "stderr": 0.276141808043637,
      "n": 10
    },
    "(10, 26)": {
      "mean": 4.866045499036228,
      "std": 1.2965532726563769,
      "stderr": 0.4100061449339462,
      "n": 10
    },
    "(10, 28)": {
      "mean": 5.023873973280802,
      "std": 0.5998757863381534,
      "stderr": 0.18969737980130824,
      "n": 10
    },
    "(10, 30)": {
      "mean": 4.5419549670444095,
      "std": 1.0146316832885145,
      "stderr": 0.32085471053623077,