{
  "_schema": {
    "type": "property_result",
    "version": 1
  },
  "value": 0.03978486610627454,
  "error": null,
  "meta": {
    "method": "sampling",
    "n_qubits": 8,
    "d": 2,
    "n_samples": 10000,
    "batch_size": 500,
    "acc_hat": 249.03679999992912,
    "mean_abs_expval4": 0.0037999999999989184,
    "se_sre_approx": 0.23306156211072088,
    "compute_time": 0.8861634731292725
  }
}