{
  "group_keys": [
    "circuit_family",
    "n_layers"
  ],
  "stats": {
    "('haar', 1)": {
      "mean": 4.044727393037666,
      "std": 0.36932319884356773,
      "stderr": 0.08258317782818891,
      "n": 20
    },
    "('haar', 2)": {
      "mean": 5.398630035976312,
      "std": 0.4930034845878537,
      "stderr": 0.11023893046827107,
      "n": 20
    },
    "('haar', 3)": {
      "mean": 6.0805205091162104,
      "std": 0.3045726644993581,
      "stderr": 0.06810451819088016,
      "n": 20
    },
    "('haar', 4)": {
      "mean": 6.826389671420162,
      "std": 0.30395813701377355,
      "stderr": 0.06796710566769926,
      "n": 20
    },
    "('haar', 5)": {
      "mean": 7.15609446511988,
      "std": 0.22422778712861566,
      "stderr": 0.050138857446393695,
      "n": 20
    },
    "('haar', 6)": {
      "mean": 7.499737219161515,
      "std": 0.1737364611727971,
      "stderr": 0.03884865373526271,
      "n": 20
    },
    "('haar', 7)": {
      "mean": 7.702956864603552,
      "std": 0.14053577779966975,
      "stderr": 0.03142475524308674,
      "n": 20
    },
    "('haar', 8)": {
      "mean": 7.823513153375503,
      "std": 0.07383034740758301,
      "stderr": 0.016508967560578097,
      "n": 20
    },
    "('haar', 9)": {
      "mean": 7.86678677850376,
      "std": 0.07280537487850242,
      "stderr": 0.01627977673556869,
      "n": 20
    },
    "('haar', 10)": {
      "mean": 7.939067618615622,
      "std": 0.04166578831897184,
      "stderr": 0.009316753501733771,
      "n": 20
    },
    "('haar', 11)": {
      "mean": 7.95704010613635,
      "std": 0.02835366739360045,
      "stderr": 0.006340072770350989,
      "n": 20
    },
    "('haar', 12)": {
      "mean": 7.9849036810320895,
      "std": 0.012191610633943984,
      "stderr": 0.002726127013270805,
      "n": 20
    },
    "('haar', 13)": {
      "mean": 7.987494667262313,
      "std": 0.011232965234778017,
      "stderr": 0.002511767385385553,
      "n": 20
    },
    "('haar', 14)": {
      "mean": 7.99714943375421,
      "std": 0.005804647095327718,
      "stderr": 0.0012979585490549479,
      "n": 20
    },
    "('haar', 15)": {
      "mean": 7.999593661322066,
      "std": 0.0038448621262215815,
      "stderr": 0.0008597373078345832,
      "n": 20
    },
    "('haar', 16)": {
      "mean": 8.001403219854371,
      "std": 0.004309592031753574,
      "stderr": 0.0009636540738292423,
      "n": 20
    },
    "('haar', 17)": {
      "mean": 8.002483753419964,
      "std": 0.003540777852155439,
      "stderr": 0.0007917419970645261,
      "n": 20
    },
    "('haar', 18)": {
      "mean": 8.002483535212878,
      "std": 0.0029842000198883954,
      "stderr": 0.0006672874102926676,
      "n": 20
    },
    "('haar', 19)": {
      "mean": 8.003010248556661,
      "std": 0.0030751945316147247,
      "stderr": 0.000687634401672615,
      "n": 20
    },
    "('haar', 20)": {
      "mean": 8.003373252545028,
      "std": 0.003616107684585511,
      "stderr": 0.000808586259669257,
      "n": 20
    },
    "('haar', 21)": {
      "mean": 8.003557293963132,
      "std": 0.0026214915518013465,
      "stderr": 0.0005861833312269222,
      "n": 20
    },
    "('haar', 22)": {
      "mean": 8.003921592564955,
      "std": 0.0036353770823456797,
      "stderr": 0.000812895027996979,
      "n": 20
    },
    "('haar', 23)": {
      "mean": 8.003513799145804,
      "std": 0.0030135864675293355,
      "stderr": 0.0006738584197469057,
      "n": 20
    },
    "('haar', 24)": {
      "mean": 8.00458494009197,
      "std": 0.003027094548708124,
      "stderr": 0.0006768789185230414,
      "n": 20
    },
    "('haar', 25)": {
      "mean": 8.004418574764053,
      "std": 0.0029151576791441956,
      "stderr": 0.0006518490735696942,
      "n": 20
    },
    "('haar', 26)": {
      "mean": 8.004518655873813,
      "std": 0.002935204803885492,
      "stderr": 0.0006563317469371898,
      "n": 20
    },
    "('haar', 27)": {
      "mean": 8.004329638015335,
      "std": 0.002700379745561624,
      "stderr": 0.0006038232676139377,
      "n": 20
    },
    "('haar', 28)": {
      "mean": 8.003381265301254,
      "std": 0.004242591929701369,
      "stderr": 0.000948672395560427,
      "n": 20
    },
    "('haar', 29)": {
      "mean": 8.004477070940464,
      "std": 0.0031134245671634773,
      "stderr": 0.0006961828974995395,
      "n": 20
    },
    "('haar', 30)": {
      "mean": 8.004246222805232,
      "std": 0.002692525567988185,
      "stderr": 0.0006020670201177813,
      "n": 20
    },
    "('haar', 31)": {
      "mean": 8.004621342188596,
      "std": 0.0034423909830806738,
      "stderr": 0.0007697420243300715,
      "n": 20
    },
    "('haar', 32)": {
      "mean": 8.004801354122,
      "std": 0.002157950390739774,
      "stderr": 0.0004825323765766367,
      "n": 20
    },
    "('haar', 33)": {
      "mean": 8.003428132147477,
      "std": 0.002813269502183505,
      "stderr": 0.000629066184590931,
      "n": 20
    },
    "('haar', 34)": {
      "mean": 8.005348596265273,
      "std": 0.004724101071481808,
      "stderr": 0.0010563411128412916,
      "n": 20
    },
    "('haar', 35)": {
      "mean": 8.003402331506653,
      "std": 0.002688349192618414,
      "stderr": 0.0006011331541951449,
      "n": 20
    },
    "('clifford', 1)": {
      "mean": 1.8382015026302784e-14,
      "std": 4.6427342667389086e-15,
      "stderr": 1.1260284572611222e-15,
      "n": 17
    }
  }
}