{
  "_schema": {
    "type": "property_result",
    "version": 1
  },
  "value": -0.03421571533740557,
  "error": null,
  "meta": {
    "method": "sampling",
    "n_qubits": 10,
    "d": 2,
    "n_samples": 10000,
    "batch_size": 500,
    "acc_hat": 1048.5759999996312,
    "mean_abs_expval4": 0.0009999999999996483,
    "se_sre_approx": 0.3916171985234568,
    "compute_time": 1.310499906539917
  }
}