{
  "_schema": {
    "type": "property_result",
    "version": 1
  },
  "value": -0.025170575734607306,
  "error": null,
  "meta": {
    "method": "sampling",
    "n_qubits": 6,
    "d": 2,
    "n_samples": 10000,
    "batch_size": 500,
    "acc_hat": 65.12639999998652,
    "mean_abs_expval4": 0.01589999999999671,
    "se_sre_approx": 0.1120791224386027,
    "compute_time": 1.5061228275299072
  }
}