{
  "_schema": {
    "type": "property_result",
    "version": 1
  },
  "value": 8.406142648812441,
  "error": null,
  "meta": {
    "method": "sampling",
    "n_qubits": 10,
    "d": 2,
    "n_samples": 10000,
    "batch_size": 500,
    "acc_hat": 3.0185534579153486,
    "mean_abs_expval4": 2.878716905513142e-06,
    "se_sre_approx": 0.05348608478491587,
    "compute_time": 1.4320731163024902
  }
}