{
  "_schema": {
    "type": "property_result",
    "version": 1
  },
  "value": -0.3561438102248869,
  "error": null,
  "meta": {
    "method": "sampling",
    "n_qubits": 8,
    "d": 2,
    "n_samples": 10000,
    "batch_size": 500,
    "acc_hat": 327.6799999999118,
    "mean_abs_expval4": 0.004999999999998654,
    "se_sre_approx": 0.2423149075305245,
    "compute_time": 0.9125661849975586
  }
}