{
  "_schema": {
    "type": "property_result",
    "version": 1
  },
  "value": 8.397541223701591,
  "error": null,
  "meta": {
    "method": "sampling",
    "n_qubits": 10,
    "d": 2,
    "n_samples": 10000,
    "batch_size": 500,
    "acc_hat": 3.03660399097209,
    "mean_abs_expval4": 2.8959312352867986e-06,
    "se_sre_approx": 0.05248380672161004,
    "compute_time": 1.5657784938812256
  }
}