{
  "_schema": {
    "type": "property_result",
    "version": 1
  },
  "value": 4.3043510440006765,
  "error": null,
  "meta": {
    "method": "sampling",
    "n_qubits": 6,
    "d": 2,
    "n_samples": 10000,
    "batch_size": 500,
    "acc_hat": 3.2392256135392823,
    "mean_abs_expval4": 0.0007908265658054888,
    "se_sre_approx": 0.17993298005376013,
    "compute_time": 0.6178765296936035
  }
}