{
  "_schema": {
    "type": "property_result",
    "version": 1
  },
  "value": 4.425935931975248,
  "error": null,
  "meta": {
    "method": "sampling",
    "n_qubits": 6,
    "d": 2,
    "n_samples": 10000,
    "batch_size": 500,
    "acc_hat": 2.9774227304850958,
    "mean_abs_expval4": 0.0007269098463098378,
    "se_sre_approx": 0.037243083445946575,
    "compute_time": 0.6059651374816895
  }
}