{
  "group_keys": [
    "circuit_family",
    "n_qubits",
    "family.tcount"
  ],
  "stats": {
    "('haar', 6, 0)": {
      "mean": 4.057168803445007,
      "std": 0.03348676493156952,
      "stderr": 0.010589444865441219,
      "n": 10
    },
    "('haar', 6, 20)": {
      "mean": 4.069084954959356,
      "std": 0.04638985653911303,
      "stderr": 0.014669760699205314,
      "n": 10
    },
    "('haar', 6, 38)": {
      "mean": 4.091656230082683,
      "std": 0.044688000091927575,
      "stderr": 0.014131586436830504,
      "n": 10
    },
    "('haar', 8, 0)": {
      "mean": 6.01489164936648,
      "std": 0.013534053150997575,
      "stderr": 0.004279843393093109,
      "n": 10
    },
    "('haar', 8, 20)": {
      "mean": 6.019212363014267,
      "std": 0.015855868306577578,
      "stderr": 0.00501406581284621,
      "n": 10
    },
    "('haar', 8, 38)": {
      "mean": 6.006058815607505,
      "std": 0.019571345972383577,
      "stderr": 0.006189003014789497,
      "n": 10
    },
    "('haar', 10, 0)": {
      "mean": 8.0045022721461,
      "std": 0.0036495187407924023,
      "stderr": 0.0011540791584373647,
      "n": 10
    },
    "('haar', 10, 20)": {
      "mean": 8.005630829158125,
      "std": 0.0039119196011841014,
      "stderr": 0.0012370575963199279,
      "n": 10
    },
    "('haar', 10, 38)": {
      "mean": 8.003846113644585,
      "std": 0.004467350614557079,
      "stderr": 0.001412700304855333,
      "n": 10
    },
    "('clifford', 6, 0)": {
      "mean": 2.7525442234032316e-13,
      "std": 1.850750995702374e-14,
      "stderr": 5.852588528244001e-15,
      "n": 10
    },
    "('clifford', 6, 20)": {
      "mean": 2.8279849175680876e-13,
      "std": 1.550148055646301e-14,
      "stderr": 4.901998566323748e-15,
      "n": 10
    },
    "('clifford', 6, 38)": {
      "mean": 2.7682410132719283e-13,
      "std": 2.187992805985599e-14,
      "stderr": 6.9190407709773864e-15,
      "n": 10
    },
    "('clifford', 8, 0)": {
      "mean": 3.9205135266944215e-13,
      "std": 2.2233904425797422e-14,
      "stderr": 7.030977926401804e-15,
      "n": 10
    },
    "('clifford', 8, 20)": {
      "mean": 3.9706471514791376e-13,
      "std": 1.71620167935222e-14,
      "stderr": 5.427106230958981e-15,
      "n": 10
    },
    "('clifford', 8, 38)": {
      "mean": 3.9177906141661775e-13,
      "std": 1.8468617375120566e-14,
      "stderr": 5.840289613954134e-15,
      "n": 10
    },
    "('clifford', 10, 0)": {
      "mean": 5.013042135820837e-13,
      "std": 1.966549064464522e-14,
      "stderr": 6.2187741741811836e-15,
      "n": 10
    },
    "('clifford', 10, 20)": {
      "mean": 4.943207438037647e-13,
      "std": 3.8889357337339504e-15,
      "stderr": 1.2297894592617395e-15,
      "n": 10
    },
    "('clifford', 10, 38)": {
      "mean": 5.013042135820837e-13,
      "std": 2.1281405963586908e-14,
      "stderr": 6.7297714655625e-15,
      "n": 10
    },
    "('quansistor', 6, 0)": {
      "mean": 4.088324734972987,
      "std": 0.042247954289722625,
      "stderr": 0.01335997620382047,
      "n": 10
    },
    "('quansistor', 6, 20)": {
      "mean": 4.069889319547252,
      "std": 0.03714745359273591,
      "stderr": 0.011747056262845038,
      "n": 10
    },
    "('quansistor', 6, 38)": {
      "mean": 4.064617582196786,
      "std": 0.04059606130943169,
      "stderr": 0.01283760177696417,
      "n": 10
    },
    "('quansistor', 8, 0)": {
      "mean": 6.017783791249281,
      "std": 0.02133051766137422,
      "stderr": 0.006745301948039076,
      "n": 10
    },
    "('quansistor', 8, 20)": {
      "mean": 6.018838187688605,
      "std": 0.014534158848452347,
      "stderr": 0.004596104583579943,
      "n": 10
    },
    "('quansistor', 8, 38)": {
      "mean": 6.0180108529132275,
      "std": 0.020064881126918493,
      "stderr": 0.0063450725341588484,
      "n": 10
    },
    "('quansistor', 10, 0)": {
      "mean": 8.004258980366178,
      "std": 0.0024080828557803036,
      "stderr": 0.0007615026618668527,
      "n": 10
    },
    "('quansistor', 10, 20)": {
      "mean": 8.004975740231927,
      "std": 0.0028599638796634507,
      "stderr": 0.0009043999885548216,
      "n": 10
    },
    "('quansistor', 10, 38)": {
      "mean": 8.004080854384373,
      "std": 0.0043990553777002095,
      "stderr": 0.0013911034546744943,
      "n": 10
    }
  }
}