{
  "group_keys": [
    "circuit_family",
    "n_qubits"
  ],
  "stats": {
    "('haar', 6)": {
      "mean": 4.050490458809563,
      "std": 0.05895096989777585,
      "stderr": 0.018641933515299518,
      "n": 10
    },
    "('haar', 8)": {
      "mean": 6.024508045677124,
      "std": 0.012256111988170506,
      "stderr": 0.003875722914071345,
      "n": 10
    },
    "('haar', 10)": {
      "mean": 8.005417757053786,
      "std": 0.0023047628009146173,
      "stderr": 0.0007288299917319396,
      "n": 10
    },
    "('clifford', 6)": {
      "mean": 3.761143058129585e-13,
      "std": 1.1925517387139204e-14,
      "stderr": 3.771179721929988e-15,
      "n": 10
    },
    "('clifford', 8)": {
      "mean": 5.277484993710852e-13,
      "std": 1.840994251458201e-14,
      "stderr": 5.821734993884677e-15,
      "n": 10
    },
    "('clifford', 10)": {
      "mean": 6.749299300889231e-13,
      "std": 2.3928545305163866e-14,
      "stderr": 7.566870425884664e-15,
      "n": 10
    },
    "('quansistor', 6)": {
      "mean": 4.079607133885723,
      "std": 0.04444098937524503,
      "stderr": 0.014053474789711765,
      "n": 10
    },
    "('quansistor', 8)": {
      "mean": 6.0201426067745265,
      "std": 0.015394324749640797,
      "stderr": 0.004868112924916627,
      "n": 10
    },
    "('quansistor', 10)": {
      "mean": 8.006080944605642,
      "std": 0.002895440730297751,
      "stderr": 0.0009156187537762195,
      "n": 10
    }
  }
}