{
  "_schema": {
    "type": "property_result",
    "version": 1
  },
  "value": 6.440664061761028,
  "error": null,
  "meta": {
    "method": "sampling",
    "n_qubits": 8,
    "d": 2,
    "n_samples": 10000,
    "batch_size": 500,
    "acc_hat": 2.9471815566489536,
    "mean_abs_expval4": 4.497042170179678e-05,
    "se_sre_approx": 0.03954604626942459,
    "compute_time": 0.9121642112731934
  }
}