{
  "_schema": {
    "type": "property_result",
    "version": 1
  },
  "value": -0.1717192390873679,
  "error": null,
  "meta": {
    "method": "sampling",
    "n_qubits": 10,
    "d": 2,
    "n_samples": 10000,
    "batch_size": 500,
    "acc_hat": 1153.4335999996163,
    "mean_abs_expval4": 0.001099999999999634,
    "se_sre_approx": 0.3547418719573181,
    "compute_time": 1.309943675994873
  }
}