{
  "_schema": {
    "type": "property_result",
    "version": 1
  },
  "value": 8.423813232823779,
  "error": null,
  "meta": {
    "method": "sampling",
    "n_qubits": 10,
    "d": 2,
    "n_samples": 10000,
    "batch_size": 500,
    "acc_hat": 2.9818067647932733,
    "mean_abs_expval4": 2.843672528069757e-06,
    "se_sre_approx": 0.046642617976018604,
    "compute_time": 1.367192029953003
  }
}