{
  "_schema": {
    "type": "property_result",
    "version": 1
  },
  "value": 4.401371739700896,
  "error": null,
  "meta": {
    "method": "sampling",
    "n_qubits": 6,
    "d": 2,
    "n_samples": 10000,
    "batch_size": 500,
    "acc_hat": 3.0285521631845556,
    "mean_abs_expval4": 0.0007393926179649794,
    "se_sre_approx": 0.2047545852763597,
    "compute_time": 0.5978255271911621
  }
}