{
  "_schema": {
    "type": "property_result",
    "version": 1
  },
  "value": -0.17171923908732326,
  "error": null,
  "meta": {
    "method": "sampling",
    "n_qubits": 10,
    "d": 2,
    "n_samples": 10000,
    "batch_size": 500,
    "acc_hat": 1153.4335999995806,
    "mean_abs_expval4": 0.0010999999999996,
    "se_sre_approx": 0.5202842120384877,
    "compute_time": 1.31730055809021
  }
}