{
  "_schema": {
    "type": "property_result",
    "version": 1
  },
  "value": 8.499941517478948,
  "error": null,
  "meta": {
    "method": "sampling",
    "n_qubits": 10,
    "d": 2,
    "n_samples": 10000,
    "batch_size": 500,
    "acc_hat": 2.828541783005148,
    "mean_abs_expval4": 2.69750765133395e-06,
    "se_sre_approx": 0.04202233191580753,
    "compute_time": 4.258784770965576
  }
}