{
  "_schema": {
    "type": "property_result",
    "version": 1
  },
  "value": 6.466100730651971,
  "error": null,
  "meta": {
    "method": "sampling",
    "n_qubits": 8,
    "d": 2,
    "n_samples": 10000,
    "batch_size": 500,
    "acc_hat": 2.8956741583505816,
    "mean_abs_expval4": 4.418448117600375e-05,
    "se_sre_approx": 0.03828117726499106,
    "compute_time": 3.3595621585845947
  }
}