{
  "group_keys": [
    "circuit_family",
    "n_qubits"
  ],
  "stats": {
    "('haar', 4)": {
      "mean": 2.2703903757410515,
      "std": 0.1127065346322165,
      "stderr": 0.035640935662245195,
      "n": 10
    },
    "('haar', 6)": {
      "mean": 4.0793628135811275,
      "std": 0.01938633487116086,
      "stderr": 0.006130497367561522,
      "n": 10
    },
    "('haar', 8)": {
      "mean": 6.018930138937472,
      "std": 0.015090103375184986,
      "stderr": 0.0047719096792978935,
      "n": 10
    },
    "('haar', 10)": {
      "mean": 8.003752532572735,
      "std": 0.003443346566310227,
      "stderr": 0.0010888817922860327,
      "n": 10
    },
    "('clifford', 4)": {
      "mean": 2.2514191401053694,
      "std": 0.11166811614963126,
      "stderr": 0.03531255890530668,
      "n": 10
    },
    "('clifford', 6)": {
      "mean": 3.929714018708034,
      "std": 0.18887091988041643,
      "stderr": 0.05972622905932927,
      "n": 10
    },
    "('clifford', 8)": {
      "mean": 5.69354846946765,
      "std": 0.23433643291293277,
      "stderr": 0.07410368667641133,
      "n": 10
    },
    "('clifford', 10)": {
      "mean": 6.962774802777711,
      "std": 0.7333461332318005,
      "stderr": 0.23190440942897866,
      "n": 10
    },
    "('quansistor', 4)": {
      "mean": 2.1927743854056927,
      "std": 0.2111080752557343,
      "stderr": 0.06675823502623536,
      "n": 10
    },
    "('quansistor', 6)": {
      "mean": 4.0900372338108495,
      "std": 0.03594673603072103,
      "stderr": 0.011367356030591887,
      "n": 10
    },
    "('quansistor', 8)": {
      "mean": 6.016837306767449,
      "std": 0.01187461395156603,
      "stderr": 0.0037550826422161018,
      "n": 10
    },
    "('quansistor', 10)": {
      "mean": 8.007603739588875,
      "std": 0.003061675335413873,
      "stderr": 0.000968186751586782,
      "n": 10
    }
  }
}