{
  "group_keys": [
    "circuit_family",
    "n_layers"
  ],
  "stats": {
    "('haar', 1)": {
      "mean": 3.912597427872136,
      "std": 0.4865426646892371,
      "stderr": 0.10879424721990208,
      "n": 20
    },
    "('clifford', 1)": {
      "mean": 1.8475762360752658e-14,
      "std": 4.839935336586047e-15,
      "stderr": 1.0822424419309725e-15,
      "n": 20
    },
    "('quansistor', 1)": {
      "mean": 4.638765492083066,
      "std": 0.46829267238157873,
      "stderr": 0.10471342488102484,
      "n": 20
    },
    "('haar', 2)": {
      "mean": 5.402696548571292,
      "std": 0.37852761314854944,
      "stderr": 0.08464134743608998,
      "n": 20
    },
    "('clifford', 2)": {
      "mean": 0.24902249956733896,
      "std": 0.2824566950606582,
      "stderr": 0.06315923708555607,
      "n": 20
    },
    "('quansistor', 2)": {
      "mean": 5.753356816858952,
      "std": 0.5262741716360936,
      "stderr": 0.11767848225806969,
      "n": 20
    },
    "('haar', 3)": {
      "mean": 6.144029886338389,
      "std": 0.37511085310667514,
      "stderr": 0.08387733666444637,
      "n": 20
    },
    "('clifford', 3)": {
      "mean": 0.5337391649940562,
      "std": 0.46779524404939776,
      "stderr": 0.10460219652455573,
      "n": 20
    },
    "('quansistor', 3)": {
      "mean": 6.202392742152968,
      "std": 0.4564980396696011,
      "stderr": 0.10207606482966237,
      "n": 20
    },
    "('haar', 4)": {
      "mean": 6.783649838098097,
      "std": 0.27748479851213653,
      "stderr": 0.06204748721959698,
      "n": 20
    },
    "('clifford', 4)": {
      "mean": 0.928725917652315,
      "std": 0.36091767261927304,
      "stderr": 0.0807036450257709,
      "n": 20
    },
    "('quansistor', 4)": {
      "mean": 6.869178355495248,
      "std": 0.3899524356361449,
      "stderr": 0.08719601540740314,
      "n": 20
    },
    "('haar', 5)": {
      "mean": 7.131769175167153,
      "std": 0.2621728336792271,
      "stderr": 0.05862362779604981,
      "n": 20
    },
    "('clifford', 5)": {
      "mean": 1.1942186053639439,
      "std": 0.5918430924762648,
      "stderr": 0.13234013867906222,
      "n": 20
    },
    "('quansistor', 5)": {
      "mean": 7.222992549829347,
      "std": 0.3703100152829089,
      "stderr": 0.08280383669215703,
      "n": 20
    },
    "('haar', 6)": {
      "mean": 7.4938811750108885,
      "std": 0.22363313808162688,
      "stderr": 0.05000588987721146,
      "n": 20
    },
    "('clifford', 6)": {
      "mean": 1.3170943035807992,
      "std": 0.526087601997593,
      "stderr": 0.1176367640186472,
      "n": 20
    },
    "('quansistor', 6)": {
      "mean": 7.393015880694227,
      "std": 0.2220572123595947,
      "stderr": 0.04965350217301602,
      "n": 20
    },
    "('haar', 7)": {
      "mean": 7.742984005507955,
      "std": 0.1214047872592129,
      "stderr": 0.027146935710550043,
      "n": 20
    },
    "('clifford', 7)": {
      "mean": 1.5175755652852554,
      "std": 0.4915356092000197,
      "stderr": 0.1099107035533015,
      "n": 20
    },
    "('quansistor', 7)": {
      "mean": 7.572179398704835,
      "std": 0.20598056882122642,
      "stderr": 0.046058655392833596,
      "n": 20
    },
    "('haar', 8)": {
      "mean": 7.806041097250022,
      "std": 0.1104725080734197,
      "stderr": 0.024702403769706074,
      "n": 20
    },
    "('clifford', 8)": {
      "mean": 1.6383571638686902,
      "std": 0.633244468986543,
      "stderr": 0.14159776790296674,
      "n": 20
    },
    "('quansistor', 8)": {
      "mean": 7.646115001763296,
      "std": 0.18079523694285915,
      "stderr": 0.04042704398124143,
      "n": 20
    },
    "('haar', 9)": {
      "mean": 7.886085396148715,
      "std": 0.05258651531439213,
      "stderr": 0.011758702294281453,
      "n": 20
    },
    "('clifford', 9)": {
      "mean": 1.9436576963357788,
      "std": 0.6402122979962271,
      "stderr": 0.14315582183509162,
      "n": 20
    },
    "('quansistor', 9)": {
      "mean": 7.795013337689386,
      "std": 0.12382270380068225,
      "stderr": 0.027687598285614706,
      "n": 20
    },
    "('haar', 10)": {
      "mean": 7.9170262530837565,
      "std": 0.0543021729827407,
      "stderr": 0.012142335011536071,
      "n": 20
    },
    "('clifford', 10)": {
      "mean": 2.253646878928957,
      "std": 0.6656785680506035,
      "stderr": 0.1488502529325869,
      "n": 20
    },
    "('quansistor', 10)": {
      "mean": 7.856438310047333,
      "std": 0.08477559538813642,
      "stderr": 0.01895639941208907,
      "n": 20
    },
    "('haar', 11)": {
      "mean": 7.9710539202961375,
      "std": 0.01993543665174161,
      "stderr": 0.0044576991514435034,
      "n": 20
    },
    "('clifford', 11)": {
      "mean": 2.5320569112099607,
      "std": 0.7611288078649776,
      "stderr": 0.17019357540194663,
      "n": 20
    },
    "('quansistor', 11)": {
      "mean": 7.9060373953803635,
      "std": 0.07480306725213358,
      "stderr": 0.016726474330125907,
      "n": 20
    },
    "('haar', 12)": {
      "mean": 7.9831308091451065,
      "std": 0.016040863948088964,
      "stderr": 0.003586846220575258,
      "n": 20
    },
    "('clifford', 12)": {
      "mean": 2.7330158984742283,
      "std": 0.7720435150799101,
      "stderr": 0.1726341781306563,
      "n": 20
    },
    "('quansistor', 12)": {
      "mean": 7.91636928976281,
      "std": 0.05614922711995757,
      "stderr": 0.012555348872429985,
      "n": 20
    },
    "('haar', 13)": {
      "mean": 7.989492955742432,
      "std": 0.008926714882458985,
      "stderr": 0.0019960741292937333,
      "n": 20
    },
    "('clifford', 13)": {
      "mean": 2.9833974771535354,
      "std": 0.7577788866933801,
      "stderr": 0.16944451025605087,
      "n": 20
    },
    "('quansistor', 13)": {
      "mean": 7.95139716939777,
      "std": 0.033342494544130664,
      "stderr": 0.0074556084340092026,
      "n": 20
    },
    "('haar', 14)": {
      "mean": 7.995373707476245,
      "std": 0.007251548602421243,
      "stderr": 0.0016214955617157496,
      "n": 20
    },
    "('clifford', 14)": {
      "mean": 3.040334088174006,
      "std": 1.1525015225242825,
      "stderr": 0.25770717485363004,
      "n": 20
    },
    "('quansistor', 14)": {
      "mean": 7.972736459450864,
      "std": 0.023679762598473594,
      "stderr": 0.005294955886124401,
      "n": 20
    },
    "('haar', 15)": {
      "mean": 8.000905256107163,
      "std": 0.005481963788013484,
      "stderr": 0.0012258043680190395,
      "n": 20
    },
    "('clifford', 15)": {
      "mean": 3.1535468635863557,
      "std": 1.1788088266962709,
      "stderr": 0.26358966689696306,
      "n": 20
    },
    "('quansistor', 15)": {
      "mean": 7.979208847204509,
      "std": 0.014215820772841292,
      "stderr": 0.0031787541604026723,
      "n": 20
    },
    "('haar', 16)": {
      "mean": 7.999705562761042,
      "std": 0.004129235480712812,
      "stderr": 0.0009233251229977869,
      "n": 20
    },
    "('clifford', 16)": {
      "mean": 3.8314753736507017,
      "std": 1.007389399511628,
      "stderr": 0.22525911771206938,
      "n": 20
    },
    "('quansistor', 16)": {
      "mean": 7.987604269718988,
      "std": 0.014495908760381848,
      "stderr": 0.003241383738384852,
      "n": 20
    },
    "('haar', 17)": {
      "mean": 8.00274182719193,
      "std": 0.003300129654693125,
      "stderr": 0.0007379314242456735,
      "n": 20
    },
    "('clifford', 17)": {
      "mean": 3.7724666856221596,
      "std": 0.8365633695147093,
      "stderr": 0.18706125617211652,
      "n": 20
    },
    "('quansistor', 17)": {
      "mean": 7.992701444503545,
      "std": 0.009384010376204975,
      "stderr": 0.00209832851027577,
      "n": 20
    },
    "('haar', 18)": {
      "mean": 8.002098884227749,
      "std": 0.0037039181939872478,
      "stderr": 0.0008282212864853738,
      "n": 20
    },
    "('clifford', 18)": {
      "mean": 4.1136249043381925,
      "std": 1.1155437620307065,