{
  "_schema": {
    "type": "property_result",
    "version": 1
  },
  "value": 8.52460436467198,
  "error": null,
  "meta": {
    "method": "sampling",
    "n_qubits": 10,
    "d": 2,
    "n_samples": 10000,
    "batch_size": 500,
    "acc_hat": 2.780598868531715,
    "mean_abs_expval4": 2.6517857251469754e-06,
    "se_sre_approx": 0.049652415671853405,
    "compute_time": 1.3486135005950928
  }
}