{
  "_schema": {
    "type": "property_result",
    "version": 1
  },
  "value": 3.9062716611599537,
  "error": null,
  "meta": {
    "method": "sampling",
    "n_qubits": 6,
    "d": 2,
    "n_samples": 10000,
    "batch_size": 500,
    "acc_hat": 4.2684975134168335,
    "mean_abs_expval4": 0.0010421136507365316,
    "se_sre_approx": 0.3885817762469206,
    "compute_time": 0.6567137241363525
  }
}