{
  "_schema": {
    "type": "property_result",
    "version": 1
  },
  "value": 8.318567614897768,
  "error": null,
  "meta": {
    "method": "sampling",
    "n_qubits": 10,
    "d": 2,
    "n_samples": 10000,
    "batch_size": 500,
    "acc_hat": 3.207462470956067,
    "mean_abs_expval4": 3.0588745793877288e-06,
    "se_sre_approx": 0.04730691785234527,
    "compute_time": 1.3577442169189453
  }
}