{
  "_schema": {
    "type": "property_result",
    "version": 1
  },
  "value": -0.13855237515225888,
  "error": null,
  "meta": {
    "method": "sampling",
    "n_qubits": 8,
    "d": 2,
    "n_samples": 10000,
    "batch_size": 500,
    "acc_hat": 281.8047999999239,
    "mean_abs_expval4": 0.004299999999998839,
    "se_sre_approx": 0.22454017818223224,
    "compute_time": 0.8937535285949707
  }
}