{
  "group_keys": [
    "circuit_family",
    "n_layers"
  ],
  "stats": {
    "('clifford', 1)": {
      "mean": 9.93062216182628e-15,
      "std": 0.0,
      "stderr": 0.0,
      "n": 1
    },
    "('clifford', 4)": {
      "mean": 0.8300749985577508,
      "std": 0.0,
      "stderr": 0.0,
      "n": 1
    },
    "('clifford', 3)": {
      "mean": 0.8300749985577391,
      "std": 0.0,
      "stderr": 0.0,
      "n": 1
    },
    "('clifford', 2)": {
      "mean": 0.41503749927887096,
      "std": 0.0,
      "stderr": 0.0,
      "n": 1
    },
    "('clifford', 5)": {
      "mean": 1.2451124978366153,
      "std": 0.0,
      "stderr": 0.0,
      "n": 1
    },
    "('clifford', 6)": {
      "mean": 1.660149997115486,
      "std": 0.0,
      "stderr": 0.0,
      "n": 1
    },
    "('clifford', 8)": {
      "mean": 1.524013309129466,
      "std": 0.0,
      "stderr": 0.0,
      "n": 1
    },
    "('clifford', 7)": {
      "mean": 1.804229950945889,
      "std": 0.0,
      "stderr": 0.0,
      "n": 1
    },
    "('clifford', 9)": {
      "mean": 3.5952575674404974,
      "std": 0.0,
      "stderr": 0.0,
      "n": 1
    },
    "('clifford', 10)": {
      "mean": 1.6601499971155376,
      "std": 0.0,
      "stderr": 0.0,
      "n": 1
    },
    "('clifford', 11)": {
      "mean": 2.4281288745813097,
      "std": 0.0,
      "stderr": 0.0,
      "n": 1
    },
    "('clifford', 12)": {
      "mean": 2.3025979924974807,
      "std": 0.0,
      "stderr": 0.0,
      "n": 1
    },
    "('clifford', 13)": {
      "mean": 3.6277127163155796,
      "std": 0.0,
      "stderr": 0.0,
      "n": 1
    },
    "('clifford', 14)": {
      "mean": 4.286578426430521,
      "std": 0.0,
      "stderr": 0.0,
      "n": 1
    },
    "('clifford', 15)": {
      "mean": 1.8875604932186685,
      "std": 0.0,
      "stderr": 0.0,
      "n": 1
    },
    "('clifford', 16)": {
      "mean": 4.831124703828715,
      "std": 0.0,
      "stderr": 0.0,
      "n": 1
    },
    "('clifford', 17)": {
      "mean": 3.831539658109785,
      "std": 0.0,
      "stderr": 0.0,
      "n": 1
    },
    "('clifford', 19)": {
      "mean": 5.260269643224951,
      "std": 0.0,
      "stderr": 0.0,
      "n": 1
    },
    "('clifford', 18)": {
      "mean": 2.7653322338077166,
      "std": 0.0,
      "stderr": 0.0,
      "n": 1
    },
    "('clifford', 20)": {
      "mean": 2.717635491776456,
      "std": 0.0,
      "stderr": 0.0,
      "n": 1
    },
    "('clifford', 21)": {
      "mean": 3.735337493509936,
      "std": 0.0,
      "stderr": 0.0,
      "n": 1
    },
    "('clifford', 22)": {
      "mean": 2.6157558777572953,
      "std": 0.0,
      "stderr": 0.0,
      "n": 1
    },
    "('clifford', 23)": {
      "mean": 6.9621699373463,
      "std": 0.0,
      "stderr": 0.0,
      "n": 1
    },
    "('clifford', 24)": {
      "mean": 6.620649711039883,
      "std": 0.0,
      "stderr": 0.0,
      "n": 1
    },
    "('clifford', 25)": {
      "mean": 6.425585528236645,
      "std": 0.0,
      "stderr": 0.0,
      "n": 1
    },
    "('clifford', 26)": {
      "mean": 4.9573280802449435,
      "std": 0.0,
      "stderr": 0.0,
      "n": 1
    },
    "('clifford', 27)": {
      "mean": 4.717759939184476,
      "std": 0.0,
      "stderr": 0.0,
      "n": 1
    },
    "('clifford', 28)": {
      "mean": 6.713520022859067,
      "std": 0.0,
      "stderr": 0.0,
      "n": 1
    },
    "('clifford', 30)": {
      "mean": 5.650211569462172,
      "std": 0.0,
      "stderr": 0.0,
      "n": 1
    },
    "('clifford', 29)": {
      "mean": 7.3897051609869635,
      "std": 0.0,
      "stderr": 0.0,
      "n": 1
    },
    "('clifford', 31)": {
      "mean": 7.1278986701418034,
      "std": 0.0,
      "stderr": 0.0,
      "n": 1
    },
    "('clifford', 32)": {
      "mean": 7.463364035129012,
      "std": 0.0,
      "stderr": 0.0,
      "n": 1
    },
    "('clifford', 34)": {
      "mean": 7.869017705549137,
      "std": 0.0,
      "stderr": 0.0,
      "n": 1
    },
    "('clifford', 33)": {
      "mean": 7.101863658741277,
      "std": 0.0,
      "stderr": 0.0,
      "n": 1
    },
    "('clifford', 35)": {
      "mean": 6.21164202065148,
      "std": 0.0,
      "stderr": 0.0,
      "n": 1
    }
  }
}