{
  "group_keys": [
    "circuit_family",
    "n_qubits"
  ],
  "stats": {
    "('haar', 6)": {
      "mean": 4.082412157309919,
      "std": 0.040385726987065045,
      "stderr": 0.012771088224085502,
      "n": 10
    },
    "('haar', 8)": {
      "mean": 6.012915669870781,
      "std": 0.017532355363931388,
      "stderr": 0.005544217569749348,
      "n": 10
    },
    "('haar', 10)": {
      "mean": 8.005096730942999,
      "std": 0.00475862143248958,
      "stderr": 0.0015048082249160249,
      "n": 10
    },
    "('haar', 12)": {
      "mean": 10.000464436796737,
      "std": 0.0008031549934329929,
      "stderr": 0.0002539799093385835,
      "n": 10
    },
    "('clifford', 6)": {
      "mean": 4.022420514382965,
      "std": 0.09387094297321795,
      "stderr": 0.0296845985903147,
      "n": 10
    },
    "('clifford', 8)": {
      "mean": 5.7458034903721655,
      "std": 0.14537593256400927,
      "stderr": 0.04597190638733113,
      "n": 10
    },
    "('clifford', 10)": {
      "mean": 7.234473556941916,
      "std": 0.3239524899213414,
      "stderr": 0.10244277218341799,
      "n": 10
    },
    "('clifford', 12)": {
      "mean": 7.940860199689917,
      "std": 1.0203809150075795,
      "stderr": 0.32267277723906385,
      "n": 10
    },
    "('quansistor', 6)": {
      "mean": 4.049616278225374,
      "std": 0.04733855579476404,
      "stderr": 0.014969765745441668,
      "n": 10
    },
    "('quansistor', 8)": {
      "mean": 6.017125115782361,
      "std": 0.019042854570302293,
      "stderr": 0.006021879359350226,
      "n": 10
    },
    "('quansistor', 10)": {
      "mean": 8.00488370198722,
      "std": 0.0026646375877393607,
      "stderr": 0.000842632391615314,
      "n": 10
    },
    "('quansistor', 12)": {
      "mean": 10.001013969120063,
      "std": 0.0008552932541287237,
      "stderr": 0.0002704674750423979,
      "n": 10
    }
  }
}