{
  "_schema": {
    "type": "property_result",
    "version": 1
  },
  "value": -0.2121335075334862,
  "error": null,
  "meta": {
    "method": "sampling",
    "n_qubits": 6,
    "d": 2,
    "n_samples": 10000,
    "batch_size": 500,
    "acc_hat": 74.13759999998614,
    "mean_abs_expval4": 0.018099999999996615,
    "se_sre_approx": 0.08767759917004751,
    "compute_time": 0.6380324363708496
  }
}