{
  "_schema": {
    "type": "property_result",
    "version": 1
  },
  "value": 4.765454339942419,
  "error": null,
  "meta": {
    "method": "sampling",
    "n_qubits": 8,
    "d": 2,
    "n_samples": 10000,
    "batch_size": 500,
    "acc_hat": 9.412289270935041,
    "mean_abs_expval4": 0.0001436201365804297,
    "se_sre_approx": 1.0047883407323197,
    "compute_time": 0.9445643424987793
  }
}