{
  "group_keys": [
    "circuit_family",
    "n_qubits",
    "family.tcount"
  ],
  "stats": {
    "('haar', 6, 0)": {
      "mean": 4.014960672660889,
      "std": 0.2910034634830718,
      "stderr": 0.09202337516041427,
      "n": 10
    },
    "('haar', 6, 20)": {
      "mean": 4.069503218348923,
      "std": 0.23107297042600836,
      "stderr": 0.07307168922469148,
      "n": 10
    },
    "('haar', 6, 38)": {
      "mean": 4.239277910843991,
      "std": 0.21258790256360363,
      "stderr": 0.06722619750989359,
      "n": 10
    },
    "('haar', 8, 0)": {
      "mean": 6.42547211537575,
      "std": 0.04361661593800705,
      "stderr": 0.013792785019290377,
      "n": 10
    },
    "('haar', 8, 20)": {
      "mean": 6.108970818899641,
      "std": 0.7222381521748596,
      "stderr": 0.2283917573943849,
      "n": 10
    },
    "('haar', 8, 38)": {
      "mean": 6.256755688343089,
      "std": 0.5440374704594478,
      "stderr": 0.17203975391284265,
      "n": 10
    },
    "('haar', 10, 0)": {
      "mean": 8.419784203495919,
      "std": 0.0569346639770855,
      "stderr": 0.018004321598393085,
      "n": 10
    },
    "('haar', 10, 20)": {
      "mean": 8.440304673329674,
      "std": 0.04755922688695275,
      "stderr": 0.015039548071949,
      "n": 10
    },
    "('haar', 10, 38)": {
      "mean": 8.403658422082486,
      "std": 0.05071706258983299,
      "stderr": 0.01603814340171903,
      "n": 10
    },
    "('clifford', 6, 0)": {
      "mean": -0.02719853996550614,
      "std": 0.1574545419150583,
      "stderr": 0.04979149803900346,
      "n": 10
    },
    "('clifford', 6, 20)": {
      "mean": -0.002994672215093199,
      "std": 0.06086955818123207,
      "stderr": 0.019248644402082956,
      "n": 10
    },
    "('clifford', 6, 38)": {
      "mean": 0.013604813756910273,
      "std": 0.13509926577111164,
      "stderr": 0.04272213900531369,
      "n": 10
    },
    "('clifford', 8, 0)": {
      "mean": 0.033047909799270574,
      "std": 0.19475263463729564,
      "stderr": 0.06158619057724545,
      "n": 10
    },
    "('clifford', 8, 20)": {
      "mean": 0.07359697581294809,
      "std": 0.26744859057866605,
      "stderr": 0.08457467032304349,
      "n": 10
    },
    "('clifford', 8, 38)": {
      "mean": -0.16430345288913153,
      "std": 0.26337085646336866,
      "stderr": 0.08328517757335235,
      "n": 10
    },
    "('clifford', 10, 0)": {
      "mean": 0.1155362297971662,
      "std": 0.5027240779585007,
      "stderr": 0.15897531209569135,
      "n": 10
    },
    "('clifford', 10, 20)": {
      "mean": 0.04302221392022367,
      "std": 0.3308185280801228,
      "stderr": 0.1046140040917558,
      "n": 10
    },
    "('clifford', 10, 38)": {
      "mean": 0.23677010546441815,
      "std": 0.416682539940468,
      "stderr": 0.13176658874359604,
      "n": 10
    },
    "('quansistor', 6, 0)": {
      "mean": 3.967176710165399,
      "std": 0.20123703848099986,
      "stderr": 0.06363673911869103,
      "n": 10
    },
    "('quansistor', 6, 20)": {
      "mean": 4.150977451281738,
      "std": 0.18795386258641794,
      "stderr": 0.05943623007993868,
      "n": 10
    },
    "('quansistor', 6, 38)": {
      "mean": 4.175132638485718,
      "std": 0.18667699185671413,
      "stderr": 0.05903244810159215,
      "n": 10
    },
    "('quansistor', 8, 0)": {
      "mean": 6.123215204207662,
      "std": 0.718087689757319,
      "stderr": 0.22707926593614916,
      "n": 10
    },
    "('quansistor', 8, 20)": {
      "mean": 6.275285078736065,
      "std": 0.5380839748068659,
      "stderr": 0.1701570932826357,
      "n": 10
    },
    "('quansistor', 8, 38)": {
      "mean": 6.090410903504884,
      "std": 0.7039000183159644,
      "stderr": 0.22259273029126872,
      "n": 10
    },
    "('quansistor', 10, 0)": {
      "mean": 8.432985312645757,
      "std": 0.0779107548076276,
      "stderr": 0.02463754394150169,
      "n": 10
    },
    "('quansistor', 10, 20)": {
      "mean": 8.427587101907516,
      "std": 0.04917062664547279,
      "stderr": 0.015549117417745865,
      "n": 10
    },
    "('quansistor', 10, 38)": {
      "mean": 8.424412935871445,
      "std": 0.033780353014059586,
      "stderr": 0.01068228556889622,
      "n": 10
    }
  }
}