{
  "_schema": {
    "type": "property_result",
    "version": 1
  },
  "value": 0.4297313844222573,
  "error": null,
  "meta": {
    "method": "sampling",
    "n_qubits": 8,
    "d": 2,
    "n_samples": 10000,
    "batch_size": 500,
    "acc_hat": 190.05439999994994,
    "mean_abs_expval4": 0.002899999999999236,
    "se_sre_approx": 0.3017437813385748,
    "compute_time": 0.8763899803161621
  }
}