{
  "_schema": {
    "type": "property_result",
    "version": 1
  },
  "value": 6.343514624813693,
  "error": null,
  "meta": {
    "method": "sampling",
    "n_qubits": 8,
    "d": 2,
    "n_samples": 10000,
    "batch_size": 500,
    "acc_hat": 3.152475973603577,
    "mean_abs_expval4": 4.8102965905816296e-05,
    "se_sre_approx": 0.03378026653534074,
    "compute_time": 0.8903968334197998
  }
}