{
  "_schema": {
    "type": "property_result",
    "version": 1
  },
  "value": 0.702749878828798,
  "error": null,
  "meta": {
    "method": "sampling",
    "n_qubits": 10,
    "d": 2,
    "n_samples": 10000,
    "batch_size": 500,
    "acc_hat": 629.1455999997798,
    "mean_abs_expval4": 0.00059999999999979,
    "se_sre_approx": 0.5055756293232507,
    "compute_time": 1.3118934631347656
  }
}