{
  "_schema": {
    "type": "property_result",
    "version": 1
  },
  "value": 0.15842936260486726,
  "error": null,
  "meta": {
    "method": "sampling",
    "n_qubits": 8,
    "d": 2,
    "n_samples": 10000,
    "batch_size": 500,
    "acc_hat": 229.3759999999389,
    "mean_abs_expval4": 0.0034999999999990677,
    "se_sre_approx": 0.2306684391886704,
    "compute_time": 0.8988323211669922
  }
}