{
  "_schema": {
    "type": "property_result",
    "version": 1
  },
  "value": 3.7106364500271485,
  "error": null,
  "meta": {
    "method": "sampling",
    "n_qubits": 6,
    "d": 2,
    "n_samples": 10000,
    "batch_size": 500,
    "acc_hat": 4.888404098234295,
    "mean_abs_expval4": 0.0011934580317954822,
    "se_sre_approx": 0.29798292565173545,
    "compute_time": 0.6120901107788086
  }
}