{
  "_schema": {
    "type": "property_result",
    "version": 1
  },
  "value": -0.5196425425075942,
  "error": null,
  "meta": {
    "method": "sampling",
    "n_qubits": 10,
    "d": 2,
    "n_samples": 10000,
    "batch_size": 500,
    "acc_hat": 1468.0063999994297,
    "mean_abs_expval4": 0.0013999999999994561,
    "se_sre_approx": 0.3376640199467217,
    "compute_time": 1.3278939723968506
  }
}