{
  "_schema": {
    "type": "property_result",
    "version": 1
  },
  "value": 0.07825901392078499,
  "error": null,
  "meta": {
    "method": "sampling",
    "n_qubits": 6,
    "d": 2,
    "n_samples": 10000,
    "batch_size": 500,
    "acc_hat": 60.62079999998801,
    "mean_abs_expval4": 0.014799999999997072,
    "se_sre_approx": 0.10238389849039209,
    "compute_time": 0.6036832332611084
  }
}