{
  "_schema": {
    "type": "property_result",
    "version": 1
  },
  "value": 0.11778737810762596,
  "error": null,
  "meta": {
    "method": "sampling",
    "n_qubits": 10,
    "d": 2,
    "n_samples": 10000,
    "batch_size": 500,
    "acc_hat": 943.7183999996802,
    "mean_abs_expval4": 0.000899999999999695,
    "se_sre_approx": 0.49201885334485523,
    "compute_time": 1.375159740447998
  }
}