{
  "_schema": {
    "type": "property_result",
    "version": 1
  },
  "value": 4.337684221646005,
  "error": null,
  "meta": {
    "method": "sampling",
    "n_qubits": 6,
    "d": 2,
    "n_samples": 10000,
    "batch_size": 500,
    "acc_hat": 3.1652419398535665,
    "mean_abs_expval4": 0.0007727641454720621,
    "se_sre_approx": 0.20427556136372904,
    "compute_time": 0.6095924377441406
  }
}