{
  "_schema": {
    "type": "property_result",
    "version": 1
  },
  "value": 8.451699707203606,
  "error": null,
  "meta": {
    "method": "sampling",
    "n_qubits": 10,
    "d": 2,
    "n_samples": 10000,
    "batch_size": 500,
    "acc_hat": 2.9247236061993536,
    "mean_abs_expval4": 2.789233785819391e-06,
    "se_sre_approx": 0.05892143814335044,
    "compute_time": 1.3483684062957764
  }
}