{
  "_schema": {
    "type": "property_result",
    "version": 1
  },
  "value": 6.493208712338166,
  "error": null,
  "meta": {
    "method": "sampling",
    "n_qubits": 8,
    "d": 2,
    "n_samples": 10000,
    "batch_size": 500,
    "acc_hat": 2.841772941967776,
    "mean_abs_expval4": 4.336201388500635e-05,
    "se_sre_approx": 0.03402694461413677,
    "compute_time": 0.8921244144439697
  }
}