{
  "_schema": {
    "type": "property_result",
    "version": 1
  },
  "value": -0.09599191292433215,
  "error": null,
  "meta": {
    "method": "sampling",
    "n_qubits": 6,
    "d": 2,
    "n_samples": 10000,
    "batch_size": 500,
    "acc_hat": 68.40319999998717,
    "mean_abs_expval4": 0.016699999999996867,
    "se_sre_approx": 0.08149914847340185,
    "compute_time": 0.6211926937103271
  }
}