{
  "_schema": {
    "type": "property_result",
    "version": 1
  },
  "value": 0.08804003471337839,
  "error": null,
  "meta": {
    "method": "sampling",
    "n_qubits": 6,
    "d": 2,
    "n_samples": 10000,
    "batch_size": 500,
    "acc_hat": 60.211199999987755,
    "mean_abs_expval4": 0.01469999999999701,
    "se_sre_approx": 0.12758527572487433,
    "compute_time": 2.6709306240081787
  }
}