{
  "_schema": {
    "type": "property_result",
    "version": 1
  },
  "value": 0.09788782066971138,
  "error": null,
  "meta": {
    "method": "sampling",
    "n_qubits": 6,
    "d": 2,
    "n_samples": 10000,
    "batch_size": 500,
    "acc_hat": 59.801599999988426,
    "mean_abs_expval4": 0.014599999999997174,
    "se_sre_approx": 0.09191698898357598,
    "compute_time": 0.6082875728607178
  }
}