{
  "_schema": {
    "type": "property_result",
    "version": 1
  },
  "value": 8.453034493054638,
  "error": null,
  "meta": {
    "method": "sampling",
    "n_qubits": 10,
    "d": 2,
    "n_samples": 10000,
    "batch_size": 500,
    "acc_hat": 2.9220188943972922,
    "mean_abs_expval4": 2.786654371640484e-06,
    "se_sre_approx": 0.04595275259102188,
    "compute_time": 1.45125412940979
  }
}