{
  "_schema": {
    "type": "property_result",
    "version": 1
  },
  "value": 6.520115689137841,
  "error": null,
  "meta": {
    "method": "sampling",
    "n_qubits": 8,
    "d": 2,
    "n_samples": 10000,
    "batch_size": 500,
    "acc_hat": 2.789263653796671,
    "mean_abs_expval4": 4.256078573298143e-05,
    "se_sre_approx": 0.04194862605439152,
    "compute_time": 2.8294129371643066
  }
}