{
  "_schema": {
    "type": "property_result",
    "version": 1
  },
  "value": -0.18802105141664802,
  "error": null,
  "meta": {
    "method": "sampling",
    "n_qubits": 6,
    "d": 2,
    "n_samples": 10000,
    "batch_size": 500,
    "acc_hat": 72.90879999998482,
    "mean_abs_expval4": 0.017799999999996294,
    "se_sre_approx": 0.10379500655663257,
    "compute_time": 0.6054186820983887
  }
}