{
  "_schema": {
    "type": "property_result",
    "version": 1
  },
  "value": -0.0069083693418679265,
  "error": null,
  "meta": {
    "method": "sampling",
    "n_qubits": 6,
    "d": 2,
    "n_samples": 10000,
    "batch_size": 500,
    "acc_hat": 64.3071999999862,
    "mean_abs_expval4": 0.01569999999999663,
    "se_sre_approx": 0.1133501585412719,
    "compute_time": 0.5995616912841797
  }
}