{
  "_schema": {
    "type": "property_result",
    "version": 1
  },
  "value": 4.119936713090354,
  "error": null,
  "meta": {
    "method": "sampling",
    "n_qubits": 6,
    "d": 2,
    "n_samples": 10000,
    "batch_size": 500,
    "acc_hat": 3.6809120700540165,
    "mean_abs_expval4": 0.0008986601733530314,
    "se_sre_approx": 0.22520845692014563,
    "compute_time": 0.6005616188049316
  }
}