{
  "_schema": {
    "type": "property_result",
    "version": 1
  },
  "value": 8.445739791717628,
  "error": null,
  "meta": {
    "method": "sampling",
    "n_qubits": 10,
    "d": 2,
    "n_samples": 10000,
    "batch_size": 500,
    "acc_hat": 2.9368309188723085,
    "mean_abs_expval4": 2.800780218956288e-06,
    "se_sre_approx": 0.051106315062773834,
    "compute_time": 2.3752081394195557
  }
}