{
  "_schema": {
    "type": "property_result",
    "version": 1
  },
  "value": 0.11778737810764472,
  "error": null,
  "meta": {
    "method": "sampling",
    "n_qubits": 10,
    "d": 2,
    "n_samples": 10000,
    "batch_size": 500,
    "acc_hat": 943.7183999996679,
    "mean_abs_expval4": 0.0008999999999996833,
    "se_sre_approx": 0.49201885334485523,
    "compute_time": 1.3001794815063477
  }
}