{
  "_schema": {
    "type": "property_result",
    "version": 1
  },
  "value": -0.23584957650716493,
  "error": null,
  "meta": {
    "method": "sampling",
    "n_qubits": 8,
    "d": 2,
    "n_samples": 10000,
    "batch_size": 500,
    "acc_hat": 301.4655999999167,
    "mean_abs_expval4": 0.004599999999998729,
    "se_sre_approx": 0.22798525677983,
    "compute_time": 0.9254868030548096
  }
}