{
  "_schema": {
    "type": "property_result",
    "version": 1
  },
  "value": 4.080988440303662,
  "error": null,
  "meta": {
    "method": "sampling",
    "n_qubits": 6,
    "d": 2,
    "n_samples": 10000,
    "batch_size": 500,
    "acc_hat": 3.7816387675304197,
    "mean_abs_expval4": 0.0009232516522291064,
    "se_sre_approx": 0.2667334257817294,
    "compute_time": 0.6360602378845215
  }
}