{
  "_schema": {
    "type": "property_result",
    "version": 1
  },
  "value": -0.0069083693419157485,
  "error": null,
  "meta": {
    "method": "sampling",
    "n_qubits": 6,
    "d": 2,
    "n_samples": 10000,
    "batch_size": 500,
    "acc_hat": 64.30719999998833,
    "mean_abs_expval4": 0.01569999999999715,
    "se_sre_approx": 0.11796131895923113,
    "compute_time": 0.6265900135040283
  }
}