{
  "group_keys": [
    "circuit_family",
    "n_qubits"
  ],
  "stats": {
    "('haar', 6)": {
      "mean": 4.072044490725702,
      "std": 0.04174818521076568,
      "stderr": 0.005389667535189276,
      "n": 60
    },
    "('haar', 8)": {
      "mean": 6.017874029632617,
      "std": 0.012387903546155774,
      "stderr": 0.0015992714709561705,
      "n": 60
    },
    "('haar', 10)": {
      "mean": 8.00462042129567,
      "std": 0.0039405883040218945,
      "stderr": 0.0005087277625245509,
      "n": 60
    },
    "('clifford', 6)": {
      "mean": 2.783270422618995e-13,
      "std": 1.5299178875086688e-14,
      "stderr": 1.975115499795302e-15,
      "n": 60
    },
    "('clifford', 8)": {
      "mean": 3.891495821614023e-13,
      "std": 1.7735179260500014e-14,
      "stderr": 2.2896017972639906e-15,
      "n": 60
    },
    "('clifford', 10)": {
      "mean": 5.005967902291576e-13,
      "std": 1.5951656708471652e-14,
      "stderr": 2.0593500258776174e-15,
      "n": 60
    },
    "('quansistor', 6)": {
      "mean": 4.062327676427609,
      "std": 0.045539052944206716,
      "stderr": 0.005879066455165682,
      "n": 60
    },
    "('quansistor', 8)": {
      "mean": 6.016243714399658,
      "std": 0.013398742070970181,
      "stderr": 0.0017297701633665395,
      "n": 60
    },
    "('quansistor', 10)": {
      "mean": 8.003993502278568,
      "std": 0.003207967958388957,
      "stderr": 0.00041414688260024793,
      "n": 60
    }
  }
}