{
  "_schema": {
    "type": "property_result",
    "version": 1
  },
  "value": 4.222090192340019,
  "error": null,
  "meta": {
    "method": "sampling",
    "n_qubits": 6,
    "d": 2,
    "n_samples": 10000,
    "batch_size": 500,
    "acc_hat": 3.429289752415364,
    "mean_abs_expval4": 0.0008372289434607822,
    "se_sre_approx": 0.23033558926437273,
    "compute_time": 0.6202535629272461
  }
}