{
  "_schema": {
    "type": "property_result",
    "version": 1
  },
  "value": 8.480679511988676,
  "error": null,
  "meta": {
    "method": "sampling",
    "n_qubits": 10,
    "d": 2,
    "n_samples": 10000,
    "batch_size": 500,
    "acc_hat": 2.866560023033573,
    "mean_abs_expval4": 2.733764670404027e-06,
    "se_sre_approx": 0.038832501916457575,
    "compute_time": 1.3879401683807373
  }
}