{
  "_schema": {
    "type": "property_result",
    "version": 1
  },
  "value": 4.7621411710020585,
  "error": null,
  "meta": {
    "method": "sampling",
    "n_qubits": 8,
    "d": 2,
    "n_samples": 10000,
    "batch_size": 500,
    "acc_hat": 9.433929561386673,
    "mean_abs_expval4": 0.0001439503412076824,
    "se_sre_approx": 1.000595635787807,
    "compute_time": 2.7327687740325928
  }
}