{
  "_schema": {
    "type": "property_result",
    "version": 1
  },
  "value": -0.4127273385912533,
  "error": null,
  "meta": {
    "method": "sampling",
    "n_qubits": 8,
    "d": 2,
    "n_samples": 10000,
    "batch_size": 500,
    "acc_hat": 340.787199999908,
    "mean_abs_expval4": 0.005199999999998596,
    "se_sre_approx": 0.19472975579402382,
    "compute_time": 0.8791463375091553
  }
}