{
  "_schema": {
    "type": "property_result",
    "version": 1
  },
  "value": 3.7339151290531434,
  "error": null,
  "meta": {
    "method": "sampling",
    "n_qubits": 6,
    "d": 2,
    "n_samples": 10000,
    "batch_size": 500,
    "acc_hat": 4.810159959636327,
    "mean_abs_expval4": 0.0011743554588955877,
    "se_sre_approx": 0.25760946362116294,
    "compute_time": 0.6235599517822266
  }
}