{
  "_schema": {
    "type": "property_result",
    "version": 1
  },
  "value": 6.36522875674209,
  "error": null,
  "meta": {
    "method": "sampling",
    "n_qubits": 8,
    "d": 2,
    "n_samples": 10000,
    "batch_size": 500,
    "acc_hat": 3.1053830649328695,
    "mean_abs_expval4": 4.73843851460704e-05,
    "se_sre_approx": 0.05140968856675129,
    "compute_time": 0.920989990234375
  }
}