{
  "_schema": {
    "type": "property_result",
    "version": 1
  },
  "value": 8.423152700862142,
  "error": null,
  "meta": {
    "method": "sampling",
    "n_qubits": 10,
    "d": 2,
    "n_samples": 10000,
    "batch_size": 500,
    "acc_hat": 2.9831722852714635,
    "mean_abs_expval4": 2.8449747898783336e-06,
    "se_sre_approx": 0.05494173919097937,
    "compute_time": 5.201036691665649
  }
}