{
  "_schema": {
    "type": "property_result",
    "version": 1
  },
  "value": 0.039784866106133104,
  "error": null,
  "meta": {
    "method": "sampling",
    "n_qubits": 6,
    "d": 2,
    "n_samples": 10000,
    "batch_size": 500,
    "acc_hat": 62.25919999998838,
    "mean_abs_expval4": 0.015199999999997164,
    "se_sre_approx": 0.09776860407066731,
    "compute_time": 0.6046168804168701
  }
}