{
  "_schema": {
    "type": "property_result",
    "version": 1
  },
  "value": 8.407778944196746,
  "error": null,
  "meta": {
    "method": "sampling",
    "n_qubits": 10,
    "d": 2,
    "n_samples": 10000,
    "batch_size": 500,
    "acc_hat": 3.015131774898976,
    "mean_abs_expval4": 2.875453734301544e-06,
    "se_sre_approx": 0.05440957034611827,
    "compute_time": 1.3471450805664062
  }
}