{
  "_schema": {
    "type": "property_result",
    "version": 1
  },
  "value": 4.016823101374355,
  "error": null,
  "meta": {
    "method": "sampling",
    "n_qubits": 6,
    "d": 2,
    "n_samples": 10000,
    "batch_size": 500,
    "acc_hat": 3.9536273573531524,
    "mean_abs_expval4": 0.000965241054041297,
    "se_sre_approx": 0.24082360737875044,
    "compute_time": 0.6132426261901855
  }
}