{
  "_schema": {
    "type": "property_result",
    "version": 1
  },
  "value": 0.11778737810761432,
  "error": null,
  "meta": {
    "method": "sampling",
    "n_qubits": 10,
    "d": 2,
    "n_samples": 10000,
    "batch_size": 500,
    "acc_hat": 943.7183999996878,
    "mean_abs_expval4": 0.0008999999999997023,
    "se_sre_approx": 0.4335733990589444,
    "compute_time": 1.3033769130706787
  }
}