{
  "group_keys": [
    "n_qubits",
    "family.tcount"
  ],
  "stats": {
    "(10, 0)": {
      "mean": 1.449950921289301e-13,
      "std": 1.6386896087095564e-14,
      "stderr": 3.6642213590971e-15,
      "n": 20
    },
    "(10, 2)": {
      "mean": 0.7885712486299347,
      "std": 0.12774584686910065,
      "stderr": 0.02856483974425877,
      "n": 20
    },
    "(10, 4)": {
      "mean": 1.577142497259746,
      "std": 0.1703277958254609,
      "stderr": 0.03808645299234355,
      "n": 20
    },
    "(10, 6)": {
      "mean": 2.1482295558389515,
      "std": 0.42165985719535143,
      "stderr": 0.09428601040716596,
      "n": 20
    },
    "(10, 8)": {
      "mean": 2.964894748849155,
      "std": 0.48876838877059403,
      "stderr": 0.1092919342544093,
      "n": 20
    },
    "(10, 10)": {
      "mean": 3.5040860331257107,
      "std": 0.4530307354050646,
      "stderr": 0.10130075202624451,
      "n": 20
    },
    "(10, 12)": {
      "mean": 4.163240088167752,
      "std": 0.5009517947071243,
      "stderr": 0.11201622664156491,
      "n": 20
    },
    "(10, 14)": {
      "mean": 4.607360345096614,
      "std": 0.6308070479478831,
      "stderr": 0.14105274398974357,
      "n": 20
    },
    "(10, 16)": {
      "mean": 5.110868272823533,
      "std": 0.9473414547728456,
      "stderr": 0.2118319890775625,
      "n": 20
    },
    "(10, 18)": {
      "mean": 5.525371319797424,
      "std": 0.6525261035803078,
      "stderr": 0.1459092724698637,
      "n": 20
    },
    "(10, 20)": {
      "mean": 6.009865852812888,
      "std": 0.7892691667305357,
      "stderr": 0.1764859509354093,
      "n": 20
    },
    "(10, 22)": {
      "mean": 6.188440491302859,
      "std": 0.5956685399158399,
      "stderr": 0.13319553473098647,
      "n": 20
    },
    "(10, 24)": {
      "mean": 6.504719258168004,
      "std": 0.7178026511211721,
      "stderr": 0.16050555223365065,
      "n": 20
    },
    "(10, 26)": {
      "mean": 6.862997266769325,
      "std": 0.6853544513958226,
      "stderr": 0.1532499142003135,
      "n": 20
    },
    "(10, 28)": {
      "mean": 6.8784216958737545,
      "std": 0.5434458282303446,
      "stderr": 0.12151818140117247,
      "n": 20
    },
    "(10, 30)": {
      "mean": 6.813311341630981,
      "std": 0.6458737556274305,
      "stderr": 0.1444217622466022,
      "n": 20
    },
    "(10, 32)": {
      "mean": 7.322272939955054,
      "std": 0.4847350391673272,
      "stderr": 0.10839004986541666,
      "n": 20
    },
    "(10, 34)": {
      "mean": 7.334182422376825,
      "std": 0.5485403646388193,
      "stderr": 0.12265735437349218,
      "n": 20
    },
    "(10, 36)": {
      "mean": 7.400424715867198,
      "std": 0.40066091809523935,
      "stderr": 0.08959050487884307,
      "n": 20
    },
    "(10, 38)": {
      "mean": 7.277251816168703,
      "std": 0.6013667971167925,
      "stderr": 0.13446970377644726,
      "n": 20
    },
    "(10, 40)": {
      "mean": 7.372718301158416,
      "std": 0.6468340768917736,
      "stderr": 0.14463649660933317,
      "n": 20
    },
    "(10, 42)": {
      "mean": 7.480652861455651,
      "std": 0.4812177964941754,
      "stderr": 0.10760357049436362,
      "n": 20
    }
  }
}