{
  "group_keys": [
    "circuit_family",
    "n_layers"
  ],
  "stats": {
    "('haar', 1)": {
      "mean": 4.280676855865428,
      "std": 0.0,
      "stderr": 0.0,
      "n": 1
    },
    "('haar', 2)": {
      "mean": 4.734669910428272,
      "std": 0.0,
      "stderr": 0.0,
      "n": 1
    },
    "('haar', 3)": {
      "mean": 6.130112297521646,
      "std": 0.0,
      "stderr": 0.0,
      "n": 1
    },
    "('haar', 5)": {
      "mean": 7.107382251056363,
      "std": 0.0,
      "stderr": 0.0,
      "n": 1
    },
    "('haar', 4)": {
      "mean": 6.9579412821943185,
      "std": 0.0,
      "stderr": 0.0,
      "n": 1
    },
    "('haar', 6)": {
      "mean": 7.680467830969926,
      "std": 0.0,
      "stderr": 0.0,
      "n": 1
    },
    "('haar', 7)": {
      "mean": 7.4298546911807035,
      "std": 0.0,
      "stderr": 0.0,
      "n": 1
    },
    "('haar', 8)": {
      "mean": 7.781942137848495,
      "std": 0.0,
      "stderr": 0.0,
      "n": 1
    },
    "('haar', 9)": {
      "mean": 7.8418083311844216,
      "std": 0.0,
      "stderr": 0.0,
      "n": 1
    },
    "('haar', 10)": {
      "mean": 7.963522923619641,
      "std": 0.0,
      "stderr": 0.0,
      "n": 1
    },
    "('haar', 11)": {
      "mean": 7.89982586189997,
      "std": 0.0,
      "stderr": 0.0,
      "n": 1
    },
    "('haar', 13)": {
      "mean": 7.9879951402585885,
      "std": 0.0,
      "stderr": 0.0,
      "n": 1
    },
    "('haar', 12)": {
      "mean": 7.965871390367381,
      "std": 0.0,
      "stderr": 0.0,
      "n": 1
    },
    "('haar', 15)": {
      "mean": 8.008935630719966,
      "std": 0.0,
      "stderr": 0.0,
      "n": 1
    },
    "('haar', 14)": {
      "mean": 7.991464434274766,
      "std": 0.0,
      "stderr": 0.0,
      "n": 1
    },
    "('haar', 16)": {
      "mean": 8.001826848819707,
      "std": 0.0,
      "stderr": 0.0,
      "n": 1
    },
    "('haar', 17)": {
      "mean": 8.002250020691452,
      "std": 0.0,
      "stderr": 0.0,
      "n": 1
    },
    "('haar', 18)": {
      "mean": 8.005957796850497,
      "std": 0.0,
      "stderr": 0.0,
      "n": 1
    },
    "('haar', 19)": {
      "mean": 7.99520070658425,
      "std": 0.0,
      "stderr": 0.0,
      "n": 1
    },
    "('haar', 21)": {
      "mean": 8.003148798427803,
      "std": 0.0,
      "stderr": 0.0,
      "n": 1
    },
    "('haar', 20)": {
      "mean": 7.999166431232565,
      "std": 0.0,
      "stderr": 0.0,
      "n": 1
    },
    "('haar', 22)": {
      "mean": 7.997005705883443,
      "std": 0.0,
      "stderr": 0.0,
      "n": 1
    }
  }
}