{
  "_schema": {
    "type": "property_result",
    "version": 1
  },
  "value": 0.16877130682621608,
  "error": null,
  "meta": {
    "method": "sampling",
    "n_qubits": 6,
    "d": 2,
    "n_samples": 10000,
    "batch_size": 500,
    "acc_hat": 56.93439999998918,
    "mean_abs_expval4": 0.013899999999997359,
    "se_sre_approx": 0.10155452700518554,
    "compute_time": 0.5968358516693115
  }
}