{
  "_schema": {
    "type": "property_result",
    "version": 1
  },
  "value": 4.436336954848226,
  "error": null,
  "meta": {
    "method": "sampling",
    "n_qubits": 6,
    "d": 2,
    "n_samples": 10000,
    "batch_size": 500,
    "acc_hat": 2.9560343725878693,
    "mean_abs_expval4": 0.0007216880792450853,
    "se_sre_approx": 0.20854503108905212,
    "compute_time": 0.6277523040771484
  }
}