{
  "_schema": {
    "type": "property_result",
    "version": 1
  },
  "value": 0.42973138442224285,
  "error": null,
  "meta": {
    "method": "sampling",
    "n_qubits": 8,
    "d": 2,
    "n_samples": 10000,
    "batch_size": 500,
    "acc_hat": 190.05439999995184,
    "mean_abs_expval4": 0.002899999999999265,
    "se_sre_approx": 0.2101355783696762,
    "compute_time": 0.8813974857330322
  }
}