{
  "_schema": {
    "type": "property_result",
    "version": 1
  },
  "value": 6.422434779181098,
  "error": null,
  "meta": {
    "method": "sampling",
    "n_qubits": 8,
    "d": 2,
    "n_samples": 10000,
    "batch_size": 500,
    "acc_hat": 2.984657156964895,
    "mean_abs_expval4": 4.554225398200829e-05,
    "se_sre_approx": 0.049807992723516235,
    "compute_time": 0.8761694431304932
  }
}