{
  "_schema": {
    "type": "property_result",
    "version": 1
  },
  "value": 8.424518341431606,
  "error": null,
  "meta": {
    "method": "sampling",
    "n_qubits": 10,
    "d": 2,
    "n_samples": 10000,
    "batch_size": 500,
    "acc_hat": 2.980349780573283,
    "mean_abs_expval4": 2.8422830396397427e-06,
    "se_sre_approx": 0.03376073763417797,
    "compute_time": 1.3806838989257812
  }
}