{
  "_schema": {
    "type": "property_result",
    "version": 1
  },
  "value": 8.448934207963255,
  "error": null,
  "meta": {
    "method": "sampling",
    "n_qubits": 10,
    "d": 2,
    "n_samples": 10000,
    "batch_size": 500,
    "acc_hat": 2.9303353799149385,
    "mean_abs_expval4": 2.794585590281428e-06,
    "se_sre_approx": 0.035800460665681315,
    "compute_time": 1.3628337383270264
  }
}