{
  "_schema": {
    "type": "property_result",
    "version": 1
  },
  "value": 0.2216231890919197,
  "error": null,
  "meta": {
    "method": "sampling",
    "n_qubits": 6,
    "d": 2,
    "n_samples": 10000,
    "batch_size": 500,
    "acc_hat": 54.886399999990765,
    "mean_abs_expval4": 0.013399999999997745,
    "se_sre_approx": 0.130792230067751,
    "compute_time": 0.6027593612670898
  }
}