{
  "_schema": {
    "type": "property_result",
    "version": 1
  },
  "value": 6.488092053702751,
  "error": null,
  "meta": {
    "method": "sampling",
    "n_qubits": 8,
    "d": 2,
    "n_samples": 10000,
    "batch_size": 500,
    "acc_hat": 2.851869460359642,
    "mean_abs_expval4": 4.3516074529413485e-05,
    "se_sre_approx": 0.050043671184952225,
    "compute_time": 0.8813521862030029
  }
}