{
  "_schema": {
    "type": "property_result",
    "version": 1
  },
  "value": 6.379543435908683,
  "error": null,
  "meta": {
    "method": "sampling",
    "n_qubits": 8,
    "d": 2,
    "n_samples": 10000,
    "batch_size": 500,
    "acc_hat": 3.0747232543400167,
    "mean_abs_expval4": 4.691655356353785e-05,
    "se_sre_approx": 0.04921054461788568,
    "compute_time": 0.911081075668335
  }
}