{
  "_schema": {
    "type": "property_result",
    "version": 1
  },
  "value": 4.123816424632205,
  "error": null,
  "meta": {
    "method": "sampling",
    "n_qubits": 6,
    "d": 2,
    "n_samples": 10000,
    "batch_size": 500,
    "acc_hat": 3.6710266183866995,
    "mean_abs_expval4": 0.0008962467330045653,
    "se_sre_approx": 0.21330266130792633,
    "compute_time": 0.6179027557373047
  }
}