{
  "_schema": {
    "type": "property_result",
    "version": 1
  },
  "value": 6.439584563173205,
  "error": null,
  "meta": {
    "method": "sampling",
    "n_qubits": 8,
    "d": 2,
    "n_samples": 10000,
    "batch_size": 500,
    "acc_hat": 2.949387614622398,
    "mean_abs_expval4": 4.500408347507321e-05,
    "se_sre_approx": 0.04431148818223493,
    "compute_time": 0.8800582885742188
  }
}