{
  "_schema": {
    "type": "property_result",
    "version": 1
  },
  "value": -0.006908369341908735,
  "error": null,
  "meta": {
    "method": "sampling",
    "n_qubits": 6,
    "d": 2,
    "n_samples": 10000,
    "batch_size": 500,
    "acc_hat": 64.30719999998801,
    "mean_abs_expval4": 0.015699999999997074,
    "se_sre_approx": 0.11567871716943645,
    "compute_time": 0.6280863285064697
  }
}