{
  "_schema": {
    "type": "property_result",
    "version": 1
  },
  "value": 4.143944653752413,
  "error": null,
  "meta": {
    "method": "sampling",
    "n_qubits": 6,
    "d": 2,
    "n_samples": 10000,
    "batch_size": 500,
    "acc_hat": 3.6201647295928443,
    "mean_abs_expval4": 0.000883829279685753,
    "se_sre_approx": 0.24071949874560922,
    "compute_time": 0.6005494594573975
  }
}