{
  "_schema": {
    "type": "property_result",
    "version": 1
  },
  "value": -0.0521376233349049,
  "error": null,
  "meta": {
    "method": "sampling",
    "n_qubits": 6,
    "d": 2,
    "n_samples": 10000,
    "batch_size": 500,
    "acc_hat": 66.35519999998756,
    "mean_abs_expval4": 0.016199999999996963,
    "se_sre_approx": 0.12387123720981379,
    "compute_time": 1.4721534252166748
  }
}