{
  "_schema": {
    "type": "property_result",
    "version": 1
  },
  "value": 6.435954933164296,
  "error": null,
  "meta": {
    "method": "sampling",
    "n_qubits": 8,
    "d": 2,
    "n_samples": 10000,
    "batch_size": 500,
    "acc_hat": 2.9568172260140297,
    "mean_abs_expval4": 4.511745034811447e-05,
    "se_sre_approx": 0.03366854178265936,
    "compute_time": 0.8645265102386475
  }
}