{
  "_schema": {
    "type": "property_result",
    "version": 1
  },
  "value": 8.451602134517488,
  "error": null,
  "meta": {
    "method": "sampling",
    "n_qubits": 10,
    "d": 2,
    "n_samples": 10000,
    "batch_size": 500,
    "acc_hat": 2.9249214184748156,
    "mean_abs_expval4": 2.789422434305969e-06,
    "se_sre_approx": 0.05445601029447111,
    "compute_time": 1.3686590194702148
  }
}