{
  "_schema": {
    "type": "property_result",
    "version": 1
  },
  "value": 8.374775429352134,
  "error": null,
  "meta": {
    "method": "sampling",
    "n_qubits": 10,
    "d": 2,
    "n_samples": 10000,
    "batch_size": 500,
    "acc_hat": 3.0849018108374437,
    "mean_abs_expval4": 2.941991625630802e-06,
    "se_sre_approx": 0.060845761670815096,
    "compute_time": 1.3817589282989502
  }
}