{
  "_schema": {
    "type": "property_result",
    "version": 1
  },
  "value": 4.1543933563105,
  "error": null,
  "meta": {
    "method": "sampling",
    "n_qubits": 6,
    "d": 2,
    "n_samples": 10000,
    "batch_size": 500,
    "acc_hat": 3.5940404439937192,
    "mean_abs_expval4": 0.0008774512802719041,
    "se_sre_approx": 0.16593363265383923,
    "compute_time": 0.5999188423156738
  }
}