{
  "_schema": {
    "type": "property_result",
    "version": 1
  },
  "value": 6.497548894532452,
  "error": null,
  "meta": {
    "method": "sampling",
    "n_qubits": 8,
    "d": 2,
    "n_samples": 10000,
    "batch_size": 500,
    "acc_hat": 2.8332366414081416,
    "mean_abs_expval4": 4.3231760275392785e-05,
    "se_sre_approx": 0.03543738258554157,
    "compute_time": 0.8751010894775391
  }
}