{
  "_schema": {
    "type": "property_result",
    "version": 1
  },
  "value": 3.6996739321593344,
  "error": null,
  "meta": {
    "method": "sampling",
    "n_qubits": 6,
    "d": 2,
    "n_samples": 10000,
    "batch_size": 500,
    "acc_hat": 4.925690797758461,
    "mean_abs_expval4": 0.0012025612299214994,
    "se_sre_approx": 0.2442855547664723,
    "compute_time": 0.6433835029602051
  }
}