{
  "_schema": {
    "type": "property_result",
    "version": 1
  },
  "value": 0.7027498788287891,
  "error": null,
  "meta": {
    "method": "sampling",
    "n_qubits": 10,
    "d": 2,
    "n_samples": 10000,
    "batch_size": 500,
    "acc_hat": 629.1455999997837,
    "mean_abs_expval4": 0.0005999999999997937,
    "se_sre_approx": 0.5055756293232507,
    "compute_time": 1.3435721397399902
  }
}