{
  "_schema": {
    "type": "property_result",
    "version": 1
  },
  "value": 6.455741563287366,
  "error": null,
  "meta": {
    "method": "sampling",
    "n_qubits": 8,
    "d": 2,
    "n_samples": 10000,
    "batch_size": 500,
    "acc_hat": 2.9165411645056314,
    "mean_abs_expval4": 4.450288642128954e-05,
    "se_sre_approx": 0.04505244582890996,
    "compute_time": 0.9185857772827148
  }
}