{
  "_schema": {
    "type": "property_result",
    "version": 1
  },
  "value": 4.4533982511756465,
  "error": null,
  "meta": {
    "method": "sampling",
    "n_qubits": 6,
    "d": 2,
    "n_samples": 10000,
    "batch_size": 500,
    "acc_hat": 2.9212822355165167,
    "mean_abs_expval4": 0.0007132036707803996,
    "se_sre_approx": 0.04040129206951603,
    "compute_time": 0.59197998046875
  }
}