{
  "_schema": {
    "type": "property_result",
    "version": 1
  },
  "value": 8.370435141405954,
  "error": null,
  "meta": {
    "method": "sampling",
    "n_qubits": 10,
    "d": 2,
    "n_samples": 10000,
    "batch_size": 500,
    "acc_hat": 3.094196583915967,
    "mean_abs_expval4": 2.9508558119926137e-06,
    "se_sre_approx": 0.039456586950157684,
    "compute_time": 1.459075927734375
  }
}