{
  "_schema": {
    "type": "property_result",
    "version": 1
  },
  "value": 6.490052627135602,
  "error": null,
  "meta": {
    "method": "sampling",
    "n_qubits": 8,
    "d": 2,
    "n_samples": 10000,
    "batch_size": 500,
    "acc_hat": 2.8479964990842674,
    "mean_abs_expval4": 4.345697783026531e-05,
    "se_sre_approx": 0.05342166291773903,
    "compute_time": 0.9287099838256836
  }
}