{
  "group_keys": [
    "n_qubits"
  ],
  "stats": {
    "(8,)": {
      "mean": 3.9230228774557436e-13,
      "std": 1.799831361118958e-14,
      "stderr": 3.2860274539669333e-15,
      "n": 30
    }
  }
}