{
  "_schema": {
    "type": "property_result",
    "version": 1
  },
  "value": 8.47764294286148,
  "error": null,
  "meta": {
    "method": "sampling",
    "n_qubits": 10,
    "d": 2,
    "n_samples": 10000,
    "batch_size": 500,
    "acc_hat": 2.872599882066887,
    "mean_abs_expval4": 2.739524728838813e-06,
    "se_sre_approx": 0.04531649968715379,
    "compute_time": 5.66717529296875
  }
}