{
  "_schema": {
    "type": "property_result",
    "version": 1
  },
  "value": 8.55576723765976,
  "error": null,
  "meta": {
    "method": "sampling",
    "n_qubits": 10,
    "d": 2,
    "n_samples": 10000,
    "batch_size": 500,
    "acc_hat": 2.7211807007729014,
    "mean_abs_expval4": 2.595120144627477e-06,
    "se_sre_approx": 0.04661617480834297,
    "compute_time": 1.3535816669464111
  }
}