{
  "_schema": {
    "type": "property_result",
    "version": 1
  },
  "value": -0.03421571533751725,
  "error": null,
  "meta": {
    "method": "sampling",
    "n_qubits": 8,
    "d": 2,
    "n_samples": 10000,
    "batch_size": 500,
    "acc_hat": 262.1439999999281,
    "mean_abs_expval4": 0.003999999999998903,
    "se_sre_approx": 0.21577056734647607,
    "compute_time": 0.9171848297119141
  }
}