{
  "_schema": {
    "type": "property_result",
    "version": 1
  },
  "value": 6.315621712708905,
  "error": null,
  "meta": {
    "method": "sampling",
    "n_qubits": 8,
    "d": 2,
    "n_samples": 10000,
    "batch_size": 500,
    "acc_hat": 3.2140186204172254,
    "mean_abs_expval4": 4.90420321718937e-05,
    "se_sre_approx": 0.05797596602659471,
    "compute_time": 0.8947935104370117
  }
}