{
  "_schema": {
    "type": "property_result",
    "version": 1
  },
  "value": 6.461265979377185,
  "error": null,
  "meta": {
    "method": "sampling",
    "n_qubits": 8,
    "d": 2,
    "n_samples": 10000,
    "batch_size": 500,
    "acc_hat": 2.905394402954877,
    "mean_abs_expval4": 4.433280033805659e-05,
    "se_sre_approx": 0.05217430228882564,
    "compute_time": 0.9152114391326904
  }
}