{
  "_schema": {
    "type": "property_result",
    "version": 1
  },
  "value": 6.501675273352711,
  "error": null,
  "meta": {
    "method": "sampling",
    "n_qubits": 8,
    "d": 2,
    "n_samples": 10000,
    "batch_size": 500,
    "acc_hat": 2.825144630256331,
    "mean_abs_expval4": 4.310828598413591e-05,
    "se_sre_approx": 0.0513712181402726,
    "compute_time": 0.8865606784820557
  }
}