{
  "_schema": {
    "type": "property_result",
    "version": 1
  },
  "value": 6.3889443214044705,
  "error": null,
  "meta": {
    "method": "sampling",
    "n_qubits": 8,
    "d": 2,
    "n_samples": 10000,
    "batch_size": 500,
    "acc_hat": 3.0547528871344394,
    "mean_abs_expval4": 4.661182994284728e-05,
    "se_sre_approx": 0.03797531653215743,
    "compute_time": 0.8873040676116943
  }
}