{
  "group_keys": [
    "circuit_family",
    "n_layers"
  ],
  "stats": {
    "('haar', 1)": {
      "mean": 4.280676855865428,
      "std": 0.0,
      "stderr": 0.0,
      "n": 1
    },
    "('haar', 2)": {
      "mean": 4.734669910428272,
      "std": 0.0,
      "stderr": 0.0,
      "n": 1
    },
    "('haar', 3)": {
      "mean": 6.130112297521646,
      "std": 0.0,
      "stderr": 0.0,
      "n": 1
    },
    "('haar', 5)": {
      "mean": 7.107382251056363,
      "std": 0.0,
      "stderr": 0.0,
      "n": 1
    },
    "('haar', 4)": {
      "mean": 6.9579412821943185,
      "std": 0.0,
      "stderr": 0.0,
      "n": 1
    },
    "('haar', 7)": {
      "mean": 7.4298546911807035,
      "std": 0.0,
      "stderr": 0.0,
      "n": 1
    },
    "('haar', 6)": {
      "mean": 7.680467830969926,
      "std": 0.0,
      "stderr": 0.0,
      "n": 1
    },
    "('haar', 9)": {
      "mean": 7.8418083311844216,
      "std": 0.0,
      "stderr": 0.0,
      "n": 1
    },
    "('haar', 8)": {
      "mean": 7.781942137848495,
      "std": 0.0,
      "stderr": 0.0,
      "n": 1
    },
    "('haar', 10)": {
      "mean": 7.963522923619641,
      "std": 0.0,
      "stderr": 0.0,
      "n": 1
    },
    "('haar', 11)": {
      "mean": 7.89982586189997,
      "std": 0.0,
      "stderr": 0.0,
      "n": 1
    },
    "('haar', 12)": {
      "mean": 7.965871390367381,
      "std": 0.0,
      "stderr": 0.0,
      "n": 1
    },
    "('haar', 13)": {
      "mean": 7.9879951402585885,
      "std": 0.0,
      "stderr": 0.0,
      "n": 1
    },
    "('haar', 14)": {
      "mean": 7.991464434274766,
      "std": 0.0,
      "stderr": 0.0,
      "n": 1
    },
    "('haar', 15)": {
      "mean": 8.008935630719966,
      "std": 0.0,
      "stderr": 0.0,
      "n": 1
    },
    "('haar', 16)": {
      "mean": 8.001826848819707,
      "std": 0.0,
      "stderr": 0.0,
      "n": 1
    },
    "('haar', 17)": {
      "mean": 8.002250020691452,
      "std": 0.0,
      "stderr": 0.0,
      "n": 1
    },
    "('haar', 18)": {
      "mean": 8.005957796850497,
      "std": 0.0,
      "stderr": 0.0,
      "n": 1
    },
    "('haar', 19)": {
      "mean": 7.99520070658425,
      "std": 0.0,
      "stderr": 0.0,
      "n": 1
    },
    "('haar', 20)": {
      "mean": 7.999166431232565,
      "std": 0.0,
      "stderr": 0.0,
      "n": 1
    },
    "('haar', 21)": {
      "mean": 8.003148798427803,
      "std": 0.0,
      "stderr": 0.0,
      "n": 1
    },
    "('haar', 22)": {
      "mean": 7.997005705883443,
      "std": 0.0,
      "stderr": 0.0,
      "n": 1
    },
    "('clifford', 1)": {
      "mean": 1.0891650112970761e-14,
      "std": 0.0,
      "stderr": 0.0,
      "n": 1
    },
    "('haar', 23)": {
      "mean": 8.010261600088777,
      "std": 0.0,
      "stderr": 0.0,
      "n": 1
    },
    "('clifford', 2)": {
      "mean": 0.41503749927887157,
      "std": 0.0,
      "stderr": 0.0,
      "n": 1
    },
    "('haar', 24)": {
      "mean": 8.007793980383804,
      "std": 0.0,
      "stderr": 0.0,
      "n": 1
    },
    "('clifford', 5)": {
      "mean": 0.8300749985577724,
      "std": 0.0,
      "stderr": 0.0,
      "n": 1
    },
    "('clifford', 3)": {
      "mean": 0.41503749927889744,
      "std": 0.0,
      "stderr": 0.0,
      "n": 1
    },
    "('clifford', 6)": {
      "mean": 1.7856808791993326,
      "std": 0.0,
      "stderr": 0.0,
      "n": 1
    },
    "('clifford', 7)": {
      "mean": 2.615755877757021,
      "std": 0.0,
      "stderr": 0.0,
      "n": 1
    },
    "('haar', 25)": {
      "mean": 8.007272993605856,
      "std": 0.0,
      "stderr": 0.0,
      "n": 1
    },
    "('clifford', 4)": {
      "mean": 0.4150374992789075,
      "std": 0.0,
      "stderr": 0.0,
      "n": 1
    },
    "('clifford', 8)": {
      "mean": 1.4608411888920847,
      "std": 0.0,
      "stderr": 0.0,
      "n": 1
    },
    "('clifford', 9)": {
      "mean": 1.660149997115529,
      "std": 0.0,
      "stderr": 0.0,
      "n": 1
    },
    "('clifford', 10)": {
      "mean": 3.348401682110571,
      "std": 0.0,
      "stderr": 0.0,
      "n": 1
    },
    "('clifford', 14)": {
      "mean": 3.33671987706299,
      "std": 0.0,
      "stderr": 0.0,
      "n": 1
    },
    "('clifford', 11)": {
      "mean": 2.4902249956732385,
      "std": 0.0,
      "stderr": 0.0,
      "n": 1
    },
    "('clifford', 13)": {
      "mean": 1.887560493218651,
      "std": 0.0,
      "stderr": 0.0,
      "n": 1
    },
    "('clifford', 12)": {
      "mean": 2.5842252275341537,
      "std": 0.0,
      "stderr": 0.0,
      "n": 1
    },
    "('clifford', 15)": {
      "mean": 2.956246423670944,
      "std": 0.0,
      "stderr": 0.0,
      "n": 1
    },
    "('clifford', 17)": {
      "mean": 6.046965575962872,
      "std": 0.0,
      "stderr": 0.0,
      "n": 1
    },
    "('clifford', 16)": {
      "mean": 4.201772717453446,
      "std": 0.0,
      "stderr": 0.0,
      "n": 1
    },
    "('clifford', 18)": {
      "mean": 2.905262494952185,
      "std": 0.0,
      "stderr": 0.0,
      "n": 1
    },
    "('clifford', 19)": {
      "mean": 4.921314444111678,
      "std": 0.0,
      "stderr": 0.0,
      "n": 1
    },
    "('clifford', 20)": {
      "mean": 4.343954180860651,
      "std": 0.0,
      "stderr": 0.0,
      "n": 1
    },
    "('clifford', 21)": {
      "mean": 4.776908767807995,
      "std": 0.0,
      "stderr": 0.0,
      "n": 1
    },
    "('clifford', 22)": {
      "mean": 2.704338669163036,
      "std": 0.0,
      "stderr": 0.0,
      "n": 1
    },
    "('clifford', 23)": {
      "mean": 5.009496413536103,
      "std": 0.0,
      "stderr": 0.0,
      "n": 1
    },
    "('clifford', 24)": {
      "mean": 6.147296903085981,
      "std": 0.0,
      "stderr": 0.0,
      "n": 1
    },
    "('clifford', 25)": {
      "mean": 5.052601087169871,
      "std": 0.0,
      "stderr": 0.0,
      "n": 1
    },
    "('quansistor', 3)": {
      "mean": 5.978112369671358,
      "std": 0.0,
      "stderr": 0.0,
      "n": 1
    },
    "('quansistor', 2)": {
      "mean": 5.764903977928449,
      "std": 0.0,
      "stderr": 0.0,
      "n": 1
    },
    "('quansistor', 1)": {
      "mean": 5.41787423519382,
      "std": 0.0,
      "stderr": 0.0,
      "n": 1
    },
    "('quansistor', 4)": {
      "mean": 6.9336269603498,
      "std": 0.0,
      "stderr": 0.0,
      "n": 1
    },
    "('quansistor', 7)": {
      "mean": 7.678691487844781,
      "std": 0.0,
      "stderr": 0.0,
      "n": 1
    },
    "('quansistor', 8)": {
      "mean": 7.818695030257456,
      "std": 0.0,
      "stderr": 0.0,
      "n": 1
    },
    "('quansistor', 9)": {
      "mean": 7.873691047335493,
      "std": 0.0,
      "stderr": 0.0,
      "n": 1
    },
    "('quansistor', 12)": {
      "mean": 7.938518715153697,
      "std": 0.0,
      "stderr": 0.0,
      "n": 1
    },
    "('quansistor', 13)": {
      "mean": 7.960703570662824,
      "std": 0.0,
      "stderr": 0.0,
      "n": 1
    },
    "('quansistor', 14)": {
      "mean": 7.983847232596111,
      "std": 0.0,
      "stderr": 0.0,
      "n": 1
    },
    "('quansistor', 15)": {
      "mean": 7.98234133247598,
      "std": 0.0,
      "stderr": 0.0,
      "n": 1
    },
    "('quansistor', 16)": {
      "mean": 7.991514055754883,
      "std": 0.0,
      "stderr": 0.0,
      "n": 1
    },
    "('quansistor', 17)": {
      "mean": 7.993879586961166,
      "std": 0.0,
      "stderr": 0.0,
      "n": 1
    },
    "('quansistor', 18)": {
      "mean": 7.997609025914583,
      "std": 0.0,
      "stderr": 0.0,
      "n": 1
    },
    "('quansistor', 19)": {
      "mean": 7.9951536714939095,
      "std": 0.0,
      "stderr": 0.0,
      "n": 1
    },
    "('quansistor', 20)": {
      "mean": 7.997548921964543,
      "std": 0.0,
      "stderr": 0.0,
      "n": 1
    },
    "('quansistor', 21)": {
      "mean": 7.9954433389461075,
      "std": 0.0,
      "stderr": 0.0,
      "n": 1
    },
    "('quansistor', 22)": {
      "mean": 7.998398412255474,
      "std": 0.0,