{
  "group_keys": [
    "circuit_family",
    "n_qubits"
  ],
  "stats": {
    "('haar', 6)": {
      "mean": 4.06130064213111,
      "std": 0.03450392639056258,
      "stderr": 0.010911099561297022,
      "n": 10
    },
    "('haar', 8)": {
      "mean": 6.01063439011625,
      "std": 0.016547108570859708,
      "stderr": 0.005232655177401037,
      "n": 10
    },
    "('haar', 10)": {
      "mean": 8.00745618980997,
      "std": 0.003234091452947709,
      "stderr": 0.0010227095152598035,
      "n": 10
    },
    "('clifford', 6)": {
      "mean": 2.79146585542459e-13,
      "std": 9.754771224059994e-15,
      "stderr": 3.0847295121898274e-15,
      "n": 10
    },
    "('clifford', 8)": {
      "mean": 3.9101023905570187e-13,
      "std": 1.5579729764858727e-14,
      "stderr": 4.9267431386873105e-15,
      "n": 10
    },
    "('clifford', 10)": {
      "mean": 5.026656698462055e-13,
      "std": 1.99124231618227e-14,
      "stderr": 6.296861092445133e-15,
      "n": 10
    },
    "('quansistor', 6)": {
      "mean": 4.0733274999116365,
      "std": 0.05178921815796148,
      "stderr": 0.016377188761850816,
      "n": 10
    },
    "('quansistor', 8)": {
      "mean": 6.017133529859649,
      "std": 0.017149245680894126,
      "stderr": 0.005423067650543056,
      "n": 10
    },
    "('quansistor', 10)": {
      "mean": 8.00391632893356,
      "std": 0.004031156593405352,
      "stderr": 0.001274763643996621,
      "n": 10
    }
  }
}