{
  "group_keys": [
    "circuit_family",
    "n_qubits",
    "family.tcount"
  ],
  "stats": {
    "('clifford', 6, 0)": {
      "mean": 3.6916287029967845e-13,
      "std": 2.0740355314799063e-14,
      "stderr": 6.558676227594359e-15,
      "n": 10
    },
    "('clifford', 6, 10)": {
      "mean": 2.8590788374863103,
      "std": 0.34239285385619295,
      "stderr": 0.10827412727507356,
      "n": 10
    },
    "('clifford', 6, 20)": {
      "mean": 3.67613776514316,
      "std": 0.2871511740440162,
      "stderr": 0.09080517427705145,
      "n": 10
    },
    "('clifford', 6, 30)": {
      "mean": 3.8869884854690127,
      "std": 0.2564207810293509,
      "stderr": 0.0810873707452044,
      "n": 10
    },
    "('clifford', 6, 38)": {
      "mean": 4.022420514382965,
      "std": 0.09387094297321795,
      "stderr": 0.0296845985903147,
      "n": 10
    },
    "('clifford', 8, 0)": {
      "mean": 5.228632739527657e-13,
      "std": 2.1484488889177977e-14,
      "stderr": 6.793991925438327e-15,
      "n": 10
    },
    "('clifford', 8, 10)": {
      "mean": 3.450958831708715,
      "std": 0.5521049945166243,
      "stderr": 0.17459092902273066,
      "n": 10
    },
    "('clifford', 8, 20)": {
      "mean": 4.929893188113526,
      "std": 0.5539096820310705,
      "stderr": 0.17516162132378243,
      "n": 10
    },
    "('clifford', 8, 30)": {
      "mean": 5.713292084472453,
      "std": 0.19805990252734823,
      "stderr": 0.062632040513736,
      "n": 10
    },
    "('clifford', 8, 38)": {
      "mean": 5.7458034903721655,
      "std": 0.14537593256400927,
      "stderr": 0.04597190638733113,
      "n": 10
    },
    "('clifford', 10, 0)": {
      "mean": 6.669213638293819e-13,
      "std": 1.3259718015252609e-14,
      "stderr": 4.1930910059765525e-15,
      "n": 10
    },
    "('clifford', 10, 10)": {
      "mean": 3.5102414933520345,
      "std": 0.5475208343443693,
      "stderr": 0.17314129029239508,
      "n": 10
    },
    "('clifford', 10, 20)": {
      "mean": 5.133482216994276,
      "std": 1.045788499379421,
      "stderr": 0.33070736088485564,
      "n": 10
    },
    "('clifford', 10, 30)": {
      "mean": 7.109905846363063,
      "std": 0.6198384262679448,
      "stderr": 0.1960101208301047,
      "n": 10
    },
    "('clifford', 10, 38)": {
      "mean": 7.234473556941916,
      "std": 0.3239524899213414,
      "stderr": 0.10244277218341799,
      "n": 10
    }
  }
}