{
  "_schema": {
    "type": "property_result",
    "version": 1
  },
  "value": -0.4127273385911217,
  "error": null,
  "meta": {
    "method": "sampling",
    "n_qubits": 10,
    "d": 2,
    "n_samples": 10000,
    "batch_size": 500,
    "acc_hat": 1363.1487999995077,
    "mean_abs_expval4": 0.0012999999999995305,
    "se_sre_approx": 0.40335853122585313,
    "compute_time": 1.3143043518066406
  }
}