{
  "_schema": {
    "type": "property_result",
    "version": 1
  },
  "value": 6.316263996119847,
  "error": null,
  "meta": {
    "method": "sampling",
    "n_qubits": 8,
    "d": 2,
    "n_samples": 10000,
    "batch_size": 500,
    "acc_hat": 3.212588067639534,
    "mean_abs_expval4": 4.9020203668816135e-05,
    "se_sre_approx": 0.04361100731755192,
    "compute_time": 0.894538164138794
  }
}