{
  "_schema": {
    "type": "property_result",
    "version": 1
  },
  "value": 8.430178443278223,
  "error": null,
  "meta": {
    "method": "sampling",
    "n_qubits": 10,
    "d": 2,
    "n_samples": 10000,
    "batch_size": 500,
    "acc_hat": 2.9686799300830344,
    "mean_abs_expval4": 2.831153802950892e-06,
    "se_sre_approx": 0.043337789277404684,
    "compute_time": 1.3600120544433594
  }
}