{
  "_schema": {
    "type": "property_result",
    "version": 1
  },
  "value": 8.481727767254688,
  "error": null,
  "meta": {
    "method": "sampling",
    "n_qubits": 10,
    "d": 2,
    "n_samples": 10000,
    "batch_size": 500,
    "acc_hat": 2.8644779508349254,
    "mean_abs_expval4": 2.7317790516232733e-06,
    "se_sre_approx": 0.046678890616179435,
    "compute_time": 1.3532252311706543
  }
}