{
  "group_keys": [
    "circuit_family",
    "n_qubits",
    "family.tcount"
  ],
  "stats": {
    "('haar', 6, 0)": {
      "mean": 4.0571688034450055,
      "std": 0.031856949369840806,
      "stderr": 0.002374476811557771,
      "n": 180
    },
    "('haar', 6, 20)": {
      "mean": 4.069084954959356,
      "std": 0.044132041839833706,
      "stderr": 0.0032894081846577684,
      "n": 180
    },
    "('haar', 6, 38)": {
      "mean": 4.091656230082684,
      "std": 0.04251301549364843,
      "stderr": 0.003168733085743322,
      "n": 180
    },
    "('haar', 8, 0)": {
      "mean": 6.01489164936648,
      "std": 0.012875344837912236,
      "stderr": 0.0009596715430440924,
      "n": 180
    },
    "('haar', 8, 20)": {
      "mean": 6.019212363014267,
      "std": 0.015084156229773804,
      "stderr": 0.0011243066237667054,
      "n": 180
    },
    "('haar', 8, 38)": {
      "mean": 6.006058815607505,
      "std": 0.01861879996517892,
      "stderr": 0.0013877634127203594,
      "n": 180
    },
    "('haar', 10, 0)": {
      "mean": 8.004502272146098,
      "std": 0.0034718950602511817,
      "stderr": 0.00025877977884891234,
      "n": 180
    },
    "('haar', 10, 20)": {
      "mean": 8.005630829158127,
      "std": 0.0037215247554810227,
      "stderr": 0.0002773860777734616,
      "n": 180
    },
    "('haar', 10, 38)": {
      "mean": 8.003846113644585,
      "std": 0.004249922697402879,
      "stderr": 0.0003167705350170702,
      "n": 180
    },
    "('clifford', 6, 0)": {
      "mean": 2.7525442234032316e-13,
      "std": 1.760674131608615e-14,
      "stderr": 1.3123290148340913e-15,
      "n": 180
    },
    "('clifford', 6, 20)": {
      "mean": 2.827984917568087e-13,
      "std": 1.474701668715862e-14,
      "stderr": 1.0991777259270142e-15,
      "n": 180
    },
    "('clifford', 6, 38)": {
      "mean": 2.768241013271928e-13,
      "std": 2.0815022348171687e-14,
      "stderr": 1.5514601641229728e-15,
      "n": 180
    },
    "('clifford', 8, 0)": {
      "mean": 3.920513526694421e-13,
      "std": 2.1151770528862183e-14,
      "stderr": 1.576559891567084e-15,
      "n": 180
    },
    "('clifford', 8, 20)": {
      "mean": 3.970647151479138e-13,
      "std": 1.632673389599863e-14,
      "stderr": 1.2169228947334304e-15,
      "n": 180
    },
    "('clifford', 8, 38)": {
      "mean": 3.917790614166177e-13,
      "std": 1.7569741653231773e-14,
      "stderr": 1.3095712227911927e-15,
      "n": 180
    },
    "('clifford', 10, 0)": {
      "mean": 5.013042135820836e-13,
      "std": 1.8708362574878852e-14,
      "stderr": 1.394439015504737e-15,
      "n": 180
    },
    "('clifford', 10, 20)": {
      "mean": 4.943207438037646e-13,
      "std": 3.6996595229577006e-15,
      "stderr": 2.757563395645954e-16,
      "n": 180
    },
    "('clifford', 10, 38)": {
      "mean": 5.013042135820837e-13,
      "std": 2.0245630585290467e-14,
      "stderr": 1.5090202078686112e-15,
      "n": 180
    },
    "('quansistor', 6, 0)": {
      "mean": 4.088324734972987,
      "std": 0.040191727792678135,
      "stderr": 0.002995714515919863,
      "n": 180
    },
    "('quansistor', 6, 20)": {
      "mean": 4.0698893195472525,
      "std": 0.03533947070553383,
      "stderr": 0.0026340486262145363,
      "n": 180
    },
    "('quansistor', 6, 38)": {
      "mean": 4.064617582196786,
      "std": 0.038620233169502034,
      "stderr": 0.00287858222246329,
      "n": 180
    },
    "('quansistor', 8, 0)": {
      "mean": 6.017783791249282,
      "std": 0.020292351995169104,
      "stderr": 0.00151250261615172,
      "n": 180
    },
    "('quansistor', 8, 20)": {
      "mean": 6.018838187688605,
      "std": 0.013826774951672487,
      "stderr": 0.0010305869567177016,
      "n": 180
    },
    "('quansistor', 8, 38)": {
      "mean": 6.018010852913229,
      "std": 0.019088314546906494,
      "stderr": 0.001422758963426034,
      "n": 180
    },
    "('quansistor', 10, 0)": {
      "mean": 8.004258980366176,
      "std": 0.0022908804051911505,
      "stderr": 0.00017075214381098914,
      "n": 180
    },
    "('quansistor', 10, 20)": {
      "mean": 8.004975740231927,
      "std": 0.0027207681811066402,
      "stderr": 0.00020279408679909686,
      "n": 180
    },
    "('quansistor', 10, 38)": {
      "mean": 8.004080854384371,
      "std": 0.004184951419729546,
      "stderr": 0.0003119278619016507,
      "n": 180
    }
  }
}