{
  "_schema": {
    "type": "property_result",
    "version": 1
  },
  "value": 0.05889368905385504,
  "error": null,
  "meta": {
    "method": "sampling",
    "n_qubits": 6,
    "d": 2,
    "n_samples": 10000,
    "batch_size": 500,
    "acc_hat": 61.4399999999878,
    "mean_abs_expval4": 0.014999999999997021,
    "se_sre_approx": 0.14128576510098512,
    "compute_time": 0.6180346012115479
  }
}