{
  "_schema": {
    "type": "property_result",
    "version": 1
  },
  "value": 8.432371734019835,
  "error": null,
  "meta": {
    "method": "sampling",
    "n_qubits": 10,
    "d": 2,
    "n_samples": 10000,
    "batch_size": 500,
    "acc_hat": 2.964170154182318,
    "mean_abs_expval4": 2.826852945501631e-06,
    "se_sre_approx": 0.045252835999133476,
    "compute_time": 1.4687445163726807
  }
}