{
  "_schema": {
    "type": "property_result",
    "version": 1
  },
  "value": -0.4127273385911246,
  "error": null,
  "meta": {
    "method": "sampling",
    "n_qubits": 10,
    "d": 2,
    "n_samples": 10000,
    "batch_size": 500,
    "acc_hat": 1363.1487999995104,
    "mean_abs_expval4": 0.001299999999999533,
    "se_sre_approx": 0.36982444470033105,
    "compute_time": 1.3037443161010742
  }
}