{
  "_schema": {
    "type": "property_result",
    "version": 1
  },
  "value": 4.064441177673082,
  "error": null,
  "meta": {
    "method": "sampling",
    "n_qubits": 6,
    "d": 2,
    "n_samples": 10000,
    "batch_size": 500,
    "acc_hat": 3.8252626841064745,
    "mean_abs_expval4": 0.0009339020224869323,
    "se_sre_approx": 0.21215307318197407,
    "compute_time": 0.6012983322143555
  }
}