{
  "_schema": {
    "type": "property_result",
    "version": 1
  },
  "value": 6.365924219023043,
  "error": null,
  "meta": {
    "method": "sampling",
    "n_qubits": 8,
    "d": 2,
    "n_samples": 10000,
    "batch_size": 500,
    "acc_hat": 3.1038864518111935,
    "mean_abs_expval4": 4.736154864213857e-05,
    "se_sre_approx": 0.05265767642696935,
    "compute_time": 3.3018369674682617
  }
}