{
  "group_keys": [
    "circuit_family",
    "n_qubits"
  ],
  "stats": {
    "('haar', 6)": {
      "mean": 4.038472132131578,
      "std": 0.053203765698066986,
      "stderr": 0.023793447351969865,
      "n": 5
    },
    "('haar', 8)": {
      "mean": 6.012264054428718,
      "std": 0.012662078930562806,
      "stderr": 0.005662653845041254,
      "n": 5
    },
    "('haar', 10)": {
      "mean": 8.000534616269722,
      "std": 0.0032179010142417653,
      "stderr": 0.0014390890825420211,
      "n": 5
    },
    "('clifford', 6)": {
      "mean": 4.0276868957778245,
      "std": 0.040192866645925515,
      "stderr": 0.017974796406174685,
      "n": 5
    },
    "('clifford', 8)": {
      "mean": 5.876487805259346,
      "std": 0.049117517208024916,
      "stderr": 0.021966021472631877,
      "n": 5
    },
    "('clifford', 10)": {
      "mean": 7.568292550348997,
      "std": 0.30535826526748877,
      "stderr": 0.13656036772590358,
      "n": 5
    },
    "('quansistor', 6)": {
      "mean": 4.067853591538587,
      "std": 0.04415648882451457,
      "stderr": 0.01974738213186487,
      "n": 5
    },
    "('quansistor', 8)": {
      "mean": 6.016412246368896,
      "std": 0.005581694352986221,
      "stderr": 0.0024962096005807792,
      "n": 5
    },
    "('quansistor', 10)": {
      "mean": 8.002416108794117,
      "std": 0.003979095096138531,
      "stderr": 0.0017795054247803632,
      "n": 5
    }
  }
}