{
  "_schema": {
    "type": "property_result",
    "version": 1
  },
  "value": -0.06983962506826513,
  "error": null,
  "meta": {
    "method": "sampling",
    "n_qubits": 8,
    "d": 2,
    "n_samples": 10000,
    "batch_size": 500,
    "acc_hat": 268.69759999993124,
    "mean_abs_expval4": 0.004099999999998951,
    "se_sre_approx": 0.16524217138498531,
    "compute_time": 0.9120485782623291
  }
}