{
  "_schema": {
    "type": "property_result",
    "version": 1
  },
  "value": 4.738319409304797,
  "error": null,
  "meta": {
    "method": "sampling",
    "n_qubits": 8,
    "d": 2,
    "n_samples": 10000,
    "batch_size": 500,
    "acc_hat": 9.590995651265715,
    "mean_abs_expval4": 0.00014634697954201835,
    "se_sre_approx": 0.9825099724576541,
    "compute_time": 0.8784239292144775
  }
}