{
  "_schema": {
    "type": "property_result",
    "version": 1
  },
  "value": -0.10460504322894286,
  "error": null,
  "meta": {
    "method": "sampling",
    "n_qubits": 8,
    "d": 2,
    "n_samples": 10000,
    "batch_size": 500,
    "acc_hat": 275.2511999999298,
    "mean_abs_expval4": 0.0041999999999989285,
    "se_sre_approx": 0.18581717102526182,
    "compute_time": 0.8893918991088867
  }
}