{
  "_schema": {
    "type": "property_result",
    "version": 1
  },
  "value": 3.7535964751591004,
  "error": null,
  "meta": {
    "method": "sampling",
    "n_qubits": 6,
    "d": 2,
    "n_samples": 10000,
    "batch_size": 500,
    "acc_hat": 4.744984994347951,
    "mean_abs_expval4": 0.0011584436021357303,
    "se_sre_approx": 0.2348072116352227,
    "compute_time": 0.592644453048706
  }
}