{
  "_schema": {
    "type": "property_result",
    "version": 1
  },
  "value": 8.417019459168595,
  "error": null,
  "meta": {
    "method": "sampling",
    "n_qubits": 10,
    "d": 2,
    "n_samples": 10000,
    "batch_size": 500,
    "acc_hat": 2.9958814599234507,
    "mean_abs_expval4": 2.857095203326655e-06,
    "se_sre_approx": 0.04827499194674805,
    "compute_time": 1.4601659774780273
  }
}