{
  "group_keys": [
    "circuit_family",
    "n_qubits"
  ],
  "stats": {
    "('haar', 6)": {
      "mean": 4.0824121573099195,
      "std": 0.04038572698706505,
      "stderr": 0.012771088224085504,
      "n": 10
    },
    "('haar', 8)": {
      "mean": 6.012915669870781,
      "std": 0.017532355363931388,
      "stderr": 0.005544217569749348,
      "n": 10
    },
    "('haar', 10)": {
      "mean": 8.005096730942999,
      "std": 0.00475862143248958,
      "stderr": 0.0015048082249160249,
      "n": 10
    },
    "('clifford', 6)": {
      "mean": 4.022420514382965,
      "std": 0.09387094297321794,
      "stderr": 0.029684598590314696,
      "n": 10
    },
    "('clifford', 8)": {
      "mean": 5.7458034903721655,
      "std": 0.14537593256400927,
      "stderr": 0.04597190638733113,
      "n": 10
    },
    "('clifford', 10)": {
      "mean": 7.234473556941916,
      "std": 0.3239524899213414,
      "stderr": 0.10244277218341799,
      "n": 10
    },
    "('quansistor', 6)": {
      "mean": 4.049616278225372,
      "std": 0.04733855579476404,
      "stderr": 0.014969765745441668,
      "n": 10
    },
    "('quansistor', 8)": {
      "mean": 6.0171251157823615,
      "std": 0.019042854570302293,
      "stderr": 0.006021879359350226,
      "n": 10
    },
    "('quansistor', 10)": {
      "mean": 8.00488370198722,
      "std": 0.0026646375877393607,
      "stderr": 0.000842632391615314,
      "n": 10
    }
  }
}