{
  "_schema": {
    "type": "property_result",
    "version": 1
  },
  "value": 3.7769889116626385,
  "error": null,
  "meta": {
    "method": "sampling",
    "n_qubits": 6,
    "d": 2,
    "n_samples": 10000,
    "batch_size": 500,
    "acc_hat": 4.668668289819121,
    "mean_abs_expval4": 0.0011398115941941213,
    "se_sre_approx": 0.2678561003935612,
    "compute_time": 0.603104829788208
  }
}