{
  "_schema": {
    "type": "property_result",
    "version": 1
  },
  "value": 6.497870498149906,
  "error": null,
  "meta": {
    "method": "sampling",
    "n_qubits": 8,
    "d": 2,
    "n_samples": 10000,
    "batch_size": 500,
    "acc_hat": 2.8326051305376545,
    "mean_abs_expval4": 4.322212418422935e-05,
    "se_sre_approx": 0.03636690693378887,
    "compute_time": 3.0478355884552
  }
}