{
  "_schema": {
    "type": "property_result",
    "version": 1
  },
  "value": 8.433699165685498,
  "error": null,
  "meta": {
    "method": "sampling",
    "n_qubits": 10,
    "d": 2,
    "n_samples": 10000,
    "batch_size": 500,
    "acc_hat": 2.9614440592116256,
    "mean_abs_expval4": 2.824253138743997e-06,
    "se_sre_approx": 0.05418450664882101,
    "compute_time": 1.412217378616333
  }
}