{
  "_schema": {
    "type": "property_result",
    "version": 1
  },
  "value": 0.020925838854818562,
  "error": null,
  "meta": {
    "method": "sampling",
    "n_qubits": 6,
    "d": 2,
    "n_samples": 10000,
    "batch_size": 500,
    "acc_hat": 63.07839999998817,
    "mean_abs_expval4": 0.015399999999997112,
    "se_sre_approx": 0.12012475924046485,
    "compute_time": 0.9881536960601807
  }
}