{
  "_schema": {
    "type": "property_result",
    "version": 1
  },
  "value": 8.487029884598478,
  "error": null,
  "meta": {
    "method": "sampling",
    "n_qubits": 10,
    "d": 2,
    "n_samples": 10000,
    "batch_size": 500,
    "acc_hat": 2.853969892477655,
    "mean_abs_expval4": 2.7217577862526465e-06,
    "se_sre_approx": 0.04804457981750285,
    "compute_time": 1.362184762954712
  }
}