{
  "_schema": {
    "type": "property_result",
    "version": 1
  },
  "value": 4.495297940739777,
  "error": null,
  "meta": {
    "method": "sampling",
    "n_qubits": 6,
    "d": 2,
    "n_samples": 10000,
    "batch_size": 500,
    "acc_hat": 2.837660627338514,
    "mean_abs_expval4": 0.0006927882390963169,
    "se_sre_approx": 0.044963853992344614,
    "compute_time": 0.6422984600067139
  }
}