{
  "_schema": {
    "type": "property_result",
    "version": 1
  },
  "value": 6.37502042974586,
  "error": null,
  "meta": {
    "method": "sampling",
    "n_qubits": 8,
    "d": 2,
    "n_samples": 10000,
    "batch_size": 500,
    "acc_hat": 3.0843779731830456,
    "mean_abs_expval4": 4.7063872881821375e-05,
    "se_sre_approx": 0.047925971779893044,
    "compute_time": 0.8932676315307617
  }
}