{
  "_schema": {
    "type": "property_result",
    "version": 1
  },
  "value": 4.195262062154245,
  "error": null,
  "meta": {
    "method": "sampling",
    "n_qubits": 6,
    "d": 2,
    "n_samples": 10000,
    "batch_size": 500,
    "acc_hat": 3.4936569114805387,
    "mean_abs_expval4": 0.0008529435819044284,
    "se_sre_approx": 0.23473053332541668,
    "compute_time": 0.6151237487792969
  }
}