{
  "group_keys": [
    "n_qubits",
    "family.tcount"
  ],
  "stats": {
    "(6, 33)": {
      "mean": 3.9431534463400197,
      "std": 0.1626421609665603,
      "stderr": 0.03636789279286917,
      "n": 20
    },
    "(8, 33)": {
      "mean": 5.525385070279339,
      "std": 0.40536249085853265,
      "stderr": 0.0906418085088316,
      "n": 20
    },
    "(10, 33)": {
      "mean": 6.750598618742505,
      "std": 0.7393658391076249,
      "stderr": 0.16532722764858215,
      "n": 20
    }
  }
}