{
  "_schema": {
    "type": "property_result",
    "version": 1
  },
  "value": -0.06983962506837928,
  "error": null,
  "meta": {
    "method": "sampling",
    "n_qubits": 6,
    "d": 2,
    "n_samples": 10000,
    "batch_size": 500,
    "acc_hat": 67.17439999998813,
    "mean_abs_expval4": 0.0163999999999971,
    "se_sre_approx": 0.12414506330917026,
    "compute_time": 0.5843045711517334
  }
}