{
  "_schema": {
    "type": "property_result",
    "version": 1
  },
  "value": 6.408431200443271,
  "error": null,
  "meta": {
    "method": "sampling",
    "n_qubits": 8,
    "d": 2,
    "n_samples": 10000,
    "batch_size": 500,
    "acc_hat": 3.0137689130484255,
    "mean_abs_expval4": 4.598646412732583e-05,
    "se_sre_approx": 0.04636960756783515,
    "compute_time": 2.0904970169067383
  }
}