{
  "_schema": {
    "type": "property_result",
    "version": 1
  },
  "value": 6.532342427714881,
  "error": null,
  "meta": {
    "method": "sampling",
    "n_qubits": 8,
    "d": 2,
    "n_samples": 10000,
    "batch_size": 500,
    "acc_hat": 2.765724727588072,
    "mean_abs_expval4": 4.2201610223206666e-05,
    "se_sre_approx": 0.04968440543716633,
    "compute_time": 0.8635373115539551
  }
}