{
  "_schema": {
    "type": "property_result",
    "version": 1
  },
  "value": -0.1385523751522487,
  "error": null,
  "meta": {
    "method": "sampling",
    "n_qubits": 8,
    "d": 2,
    "n_samples": 10000,
    "batch_size": 500,
    "acc_hat": 281.8047999999219,
    "mean_abs_expval4": 0.004299999999998808,
    "se_sre_approx": 0.17736852050810326,
    "compute_time": 0.8808598518371582
  }
}