{
  "_schema": {
    "type": "property_result",
    "version": 1
  },
  "value": 4.72471193437462,
  "error": null,
  "meta": {
    "method": "sampling",
    "n_qubits": 8,
    "d": 2,
    "n_samples": 10000,
    "batch_size": 500,
    "acc_hat": 9.681885721049934,
    "mean_abs_expval4": 0.00014773385194473166,
    "se_sre_approx": 0.9708137414304462,
    "compute_time": 0.9062910079956055
  }
}