{
  "_schema": {
    "type": "property_result",
    "version": 1
  },
  "value": 0.2877123795499471,
  "error": null,
  "meta": {
    "method": "sampling",
    "n_qubits": 10,
    "d": 2,
    "n_samples": 10000,
    "batch_size": 500,
    "acc_hat": 838.8607999997106,
    "mean_abs_expval4": 0.000799999999999724,
    "se_sre_approx": 0.4824776561304169,
    "compute_time": 1.3338396549224854
  }
}