{
  "_schema": {
    "type": "property_result",
    "version": 1
  },
  "value": -0.03421571533752382,
  "error": null,
  "meta": {
    "method": "sampling",
    "n_qubits": 8,
    "d": 2,
    "n_samples": 10000,
    "batch_size": 500,
    "acc_hat": 262.1439999999293,
    "mean_abs_expval4": 0.003999999999998921,
    "se_sre_approx": 0.22811011491194377,
    "compute_time": 0.8787510395050049
  }
}