{
  "group_keys": [
    "circuit_family",
    "n_qubits",
    "family.tcount"
  ],
  "stats": {
    "('haar', 6, 0)": {
      "mean": 4.069155059157766,
      "std": 0.046047123392892825,
      "stderr": 0.010296449807482911,
      "n": 20
    },
    "('haar', 8, 0)": {
      "mean": 6.016929011267347,
      "std": 0.014336649312146342,
      "stderr": 0.003205772243153482,
      "n": 20
    },
    "('haar', 10, 0)": {
      "mean": 8.004390350138124,
      "std": 0.004629163803950147,
      "stderr": 0.0010351124944614038,
      "n": 20
    },
    "('clifford', 6, 0)": {
      "mean": 3.7461670392242477e-13,
      "std": 2.0456849990148387e-14,
      "stderr": 4.574290718348769e-15,
      "n": 20
    },
    "('clifford', 8, 0)": {
      "mean": 5.252738523968873e-13,
      "std": 2.0627435065220262e-14,
      "stderr": 4.612434700729531e-15,
      "n": 20
    },
    "('clifford', 10, 0)": {
      "mean": 6.698685162128931e-13,
      "std": 2.0877099300476475e-14,
      "stderr": 4.6682613208878705e-15,
      "n": 20
    },
    "('quansistor', 6, 0)": {
      "mean": 4.057595979561892,
      "std": 0.03969135904915815,
      "stderr": 0.008875257695326905,
      "n": 20
    },
    "('quansistor', 8, 0)": {
      "mean": 6.016366187907808,
      "std": 0.016265918515939917,
      "stderr": 0.003637169951811415,
      "n": 20
    },
    "('quansistor', 10, 0)": {
      "mean": 8.004913420064915,
      "std": 0.0031549671609256893,
      "stderr": 0.000705472103860936,
      "n": 20
    }
  }
}