{
  "group_keys": [
    "circuit_family",
    "n_qubits"
  ],
  "stats": {
    "('clifford', 8)": {
      "mean": 3.89602511075414e-13,
      "std": 1.7020432438782646e-14,
      "stderr": 1.794111108918919e-15,
      "n": 90
    }
  }
}