{
  "_schema": {
    "type": "property_result",
    "version": 1
  },
  "value": 0.2002495382995011,
  "error": null,
  "meta": {
    "method": "sampling",
    "n_qubits": 8,
    "d": 2,
    "n_samples": 10000,
    "batch_size": 500,
    "acc_hat": 222.8223999999396,
    "mean_abs_expval4": 0.0033999999999990782,
    "se_sre_approx": 0.21416155041921053,
    "compute_time": 0.8735849857330322
  }
}