{
  "_schema": {
    "type": "property_result",
    "version": 1
  },
  "value": 3.7351981644750025,
  "error": null,
  "meta": {
    "method": "sampling",
    "n_qubits": 6,
    "d": 2,
    "n_samples": 10000,
    "batch_size": 500,
    "acc_hat": 4.805884030249197,
    "mean_abs_expval4": 0.0011733115308225578,
    "se_sre_approx": 0.24057420624505285,
    "compute_time": 0.6102738380432129
  }
}