{
  "_schema": {
    "type": "property_result",
    "version": 1
  },
  "value": 3.857843816104448,
  "error": null,
  "meta": {
    "method": "sampling",
    "n_qubits": 6,
    "d": 2,
    "n_samples": 10000,
    "batch_size": 500,
    "acc_hat": 4.414212810036332,
    "mean_abs_expval4": 0.0010776886743252764,
    "se_sre_approx": 0.2547988583836968,
    "compute_time": 0.6195919513702393
  }
}