{
  "_schema": {
    "type": "property_result",
    "version": 1
  },
  "value": 8.465627154717412,
  "error": null,
  "meta": {
    "method": "sampling",
    "n_qubits": 10,
    "d": 2,
    "n_samples": 10000,
    "batch_size": 500,
    "acc_hat": 2.8966248420744427,
    "mean_abs_expval4": 2.762436716150706e-06,
    "se_sre_approx": 0.04896110685518514,
    "compute_time": 1.3194384574890137
  }
}