{
  "_schema": {
    "type": "property_result",
    "version": 1
  },
  "value": 0.28771237954992207,
  "error": null,
  "meta": {
    "method": "sampling",
    "n_qubits": 10,
    "d": 2,
    "n_samples": 10000,
    "batch_size": 500,
    "acc_hat": 838.8607999997251,
    "mean_abs_expval4": 0.0007999999999997379,
    "se_sre_approx": 0.5488631647019147,
    "compute_time": 1.393545150756836
  }
}