{
  "_schema": {
    "type": "property_result",
    "version": 1
  },
  "value": 0.039784866106256096,
  "error": null,
  "meta": {
    "method": "sampling",
    "n_qubits": 8,
    "d": 2,
    "n_samples": 10000,
    "batch_size": 500,
    "acc_hat": 249.0367999999323,
    "mean_abs_expval4": 0.003799999999998967,
    "se_sre_approx": 0.2857066029970916,
    "compute_time": 0.8746562004089355
  }
}