{
  "_schema": {
    "type": "property_result",
    "version": 1
  },
  "value": 6.455747585211593,
  "error": null,
  "meta": {
    "method": "sampling",
    "n_qubits": 8,
    "d": 2,
    "n_samples": 10000,
    "batch_size": 500,
    "acc_hat": 2.91652899065548,
    "mean_abs_expval4": 4.4502700663078e-05,
    "se_sre_approx": 0.0384945823902186,
    "compute_time": 0.9018313884735107
  }
}