{
  "_schema": {
    "type": "property_result",
    "version": 1
  },
  "value": 3.7409096838128146,
  "error": null,
  "meta": {
    "method": "sampling",
    "n_qubits": 6,
    "d": 2,
    "n_samples": 10000,
    "batch_size": 500,
    "acc_hat": 4.786895514741048,
    "mean_abs_expval4": 0.0011686756627785763,
    "se_sre_approx": 0.25296025436577935,
    "compute_time": 0.5928695201873779
  }
}