{
  "_schema": {
    "type": "property_result",
    "version": 1
  },
  "value": 6.423835870488483,
  "error": null,
  "meta": {
    "method": "sampling",
    "n_qubits": 8,
    "d": 2,
    "n_samples": 10000,
    "batch_size": 500,
    "acc_hat": 2.981759976934264,
    "mean_abs_expval4": 4.54980465230448e-05,
    "se_sre_approx": 0.04993099580551247,
    "compute_time": 2.217315912246704
  }
}