{
  "_schema": {
    "type": "property_result",
    "version": 1
  },
  "value": -0.06983962506823338,
  "error": null,
  "meta": {
    "method": "sampling",
    "n_qubits": 8,
    "d": 2,
    "n_samples": 10000,
    "batch_size": 500,
    "acc_hat": 268.69759999992533,
    "mean_abs_expval4": 0.004099999999998861,
    "se_sre_approx": 0.24736979997430997,
    "compute_time": 0.9136326313018799
  }
}