{
  "_schema": {
    "type": "property_result",
    "version": 1
  },
  "value": 4.373384919067825,
  "error": null,
  "meta": {
    "method": "sampling",
    "n_qubits": 6,
    "d": 2,
    "n_samples": 10000,
    "batch_size": 500,
    "acc_hat": 3.087876559796645,
    "mean_abs_expval4": 0.0007538761132316028,
    "se_sre_approx": 0.19198925720264223,
    "compute_time": 0.6184022426605225
  }
}