{
  "_schema": {
    "type": "property_result",
    "version": 1
  },
  "value": 4.071578360360057,
  "error": null,
  "meta": {
    "method": "sampling",
    "n_qubits": 6,
    "d": 2,
    "n_samples": 10000,
    "batch_size": 500,
    "acc_hat": 3.8063853906105707,
    "mean_abs_expval4": 0.0009292933082545339,
    "se_sre_approx": 0.22682849036188452,
    "compute_time": 0.6649725437164307
  }
}