{
  "group_keys": [
    "n_qubits",
    "family.tcount"
  ],
  "stats": {
    "(8, 33)": {
      "mean": 5.777020642528049,
      "std": 0.12514872997109955,
      "stderr": 0.055968213502628775,
      "n": 5
    }
  }
}