{
  "_schema": {
    "type": "property_result",
    "version": 1
  },
  "value": 0.117787378107635,
  "error": null,
  "meta": {
    "method": "sampling",
    "n_qubits": 10,
    "d": 2,
    "n_samples": 10000,
    "batch_size": 500,
    "acc_hat": 943.7183999996743,
    "mean_abs_expval4": 0.0008999999999996894,
    "se_sre_approx": 0.4920188533448552,
    "compute_time": 1.3186349868774414
  }
}