{
  "_schema": {
    "type": "property_result",
    "version": 1
  },
  "value": -0.2358495765071826,
  "error": null,
  "meta": {
    "method": "sampling",
    "n_qubits": 8,
    "d": 2,
    "n_samples": 10000,
    "batch_size": 500,
    "acc_hat": 301.4655999999204,
    "mean_abs_expval4": 0.004599999999998786,
    "se_sre_approx": 0.21392721595491349,
    "compute_time": 0.87662672996521
  }
}