{
  "_schema": {
    "type": "property_result",
    "version": 1
  },
  "value": 8.44604561730381,
  "error": null,
  "meta": {
    "method": "sampling",
    "n_qubits": 10,
    "d": 2,
    "n_samples": 10000,
    "batch_size": 500,
    "acc_hat": 2.9362084291417565,
    "mean_abs_expval4": 2.8001865664880338e-06,
    "se_sre_approx": 0.03472692273365938,
    "compute_time": 1.3786561489105225
  }
}