{
  "_schema": {
    "type": "property_result",
    "version": 1
  },
  "value": 4.162831170226556,
  "error": null,
  "meta": {
    "method": "sampling",
    "n_qubits": 6,
    "d": 2,
    "n_samples": 10000,
    "batch_size": 500,
    "acc_hat": 3.573081520814383,
    "mean_abs_expval4": 0.000872334355667574,
    "se_sre_approx": 0.23540892912371075,
    "compute_time": 0.5851843357086182
  }
}