{
  "_schema": {
    "type": "property_result",
    "version": 1
  },
  "value": 3.9416041149058207,
  "error": null,
  "meta": {
    "method": "sampling",
    "n_qubits": 6,
    "d": 2,
    "n_samples": 10000,
    "batch_size": 500,
    "acc_hat": 4.165229200468623,
    "mean_abs_expval4": 0.00101690166027066,
    "se_sre_approx": 0.23821058496837405,
    "compute_time": 0.6303524971008301
  }
}