{
  "_schema": {
    "type": "property_result",
    "version": 1
  },
  "value": 8.311804432392865,
  "error": null,
  "meta": {
    "method": "sampling",
    "n_qubits": 10,
    "d": 2,
    "n_samples": 10000,
    "batch_size": 500,
    "acc_hat": 3.2225339720624064,
    "mean_abs_expval4": 3.073247882902533e-06,
    "se_sre_approx": 0.048216817395452444,
    "compute_time": 3.49269437789917
  }
}