{
  "_schema": {
    "type": "property_result",
    "version": 1
  },
  "value": 0.7027498788287779,
  "error": null,
  "meta": {
    "method": "sampling",
    "n_qubits": 10,
    "d": 2,
    "n_samples": 10000,
    "batch_size": 500,
    "acc_hat": 629.1455999997886,
    "mean_abs_expval4": 0.0005999999999997984,
    "se_sre_approx": 0.6142672067064423,
    "compute_time": 1.322690486907959
  }
}