{
  "_schema": {
    "type": "property_result",
    "version": 1
  },
  "value": 8.36692420822007,
  "error": null,
  "meta": {
    "method": "sampling",
    "n_qubits": 10,
    "d": 2,
    "n_samples": 10000,
    "batch_size": 500,
    "acc_hat": 3.1017357703578496,
    "mean_abs_expval4": 2.9580457404688355e-06,
    "se_sre_approx": 0.052607068059762556,
    "compute_time": 1.3364343643188477
  }
}