{
  "group_keys": [
    "circuit_family",
    "n_qubits"
  ],
  "stats": {
    "('haar', 6)": {
      "mean": 4.068011192541801,
      "std": 0.0,
      "stderr": 0.0,
      "n": 1
    },
    "('haar', 4)": {
      "mean": 2.3794835704297705,
      "std": 0.0,
      "stderr": 0.0,
      "n": 1
    },
    "('clifford', 4)": {
      "mean": 2.2585646829021755,
      "std": 0.0,
      "stderr": 0.0,
      "n": 1
    },
    "('quansistor', 6)": {
      "mean": 4.090302360618883,
      "std": 0.0,
      "stderr": 0.0,
      "n": 1
    },
    "('haar', 8)": {
      "mean": 6.021933832892422,
      "std": 0.0,
      "stderr": 0.0,
      "n": 1
    },
    "('clifford', 8)": {
      "mean": 5.834440590496747,
      "std": 0.0,
      "stderr": 0.0,
      "n": 1
    },
    "('clifford', 6)": {
      "mean": 4.065286874568533,
      "std": 0.0,
      "stderr": 0.0,
      "n": 1
    },
    "('quansistor', 4)": {
      "mean": 2.3761943558939227,
      "std": 0.0,
      "stderr": 0.0,
      "n": 1
    },
    "('quansistor', 8)": {
      "mean": 6.00489490834676,
      "std": 0.0,
      "stderr": 0.0,
      "n": 1
    },
    "('haar', 10)": {
      "mean": 8.002866428194853,
      "std": 0.0,
      "stderr": 0.0,
      "n": 1
    },
    "('quansistor', 10)": {
      "mean": 8.004803641877315,
      "std": 0.0,
      "stderr": 0.0,
      "n": 1
    },
    "('clifford', 10)": {
      "mean": 7.583060587326134,
      "std": 0.0,
      "stderr": 0.0,
      "n": 1
    }
  }
}