{
  "_schema": {
    "type": "property_result",
    "version": 1
  },
  "value": 0.28771237954997997,
  "error": null,
  "meta": {
    "method": "sampling",
    "n_qubits": 10,
    "d": 2,
    "n_samples": 10000,
    "batch_size": 500,
    "acc_hat": 838.8607999996915,
    "mean_abs_expval4": 0.0007999999999997058,
    "se_sre_approx": 0.4053623117207625,
    "compute_time": 1.348982334136963
  }
}