{
  "_schema": {
    "type": "property_result",
    "version": 1
  },
  "value": 4.354555520589435,
  "error": null,
  "meta": {
    "method": "sampling",
    "n_qubits": 6,
    "d": 2,
    "n_samples": 10000,
    "batch_size": 500,
    "acc_hat": 3.128442264738122,
    "mean_abs_expval4": 0.0007637798497895805,
    "se_sre_approx": 0.19469183884391278,
    "compute_time": 0.6106154918670654
  }
}