{
  "_schema": {
    "type": "property_result",
    "version": 1
  },
  "value": -0.2972501211714095,
  "error": null,
  "meta": {
    "method": "sampling",
    "n_qubits": 6,
    "d": 2,
    "n_samples": 10000,
    "batch_size": 500,
    "acc_hat": 78.64319999998379,
    "mean_abs_expval4": 0.019199999999996043,
    "se_sre_approx": 0.09956564941298643,
    "compute_time": 0.6160774230957031
  }
}