{
  "_schema": {
    "type": "property_result",
    "version": 1
  },
  "value": 4.0350978888255185,
  "error": null,
  "meta": {
    "method": "sampling",
    "n_qubits": 6,
    "d": 2,
    "n_samples": 10000,
    "batch_size": 500,
    "acc_hat": 3.9038621517487933,
    "mean_abs_expval4": 0.0009530913456417952,
    "se_sre_approx": 0.2086069373311697,
    "compute_time": 0.6081640720367432
  }
}