{
  "_schema": {
    "type": "property_result",
    "version": 1
  },
  "value": 8.529318378918946,
  "error": null,
  "meta": {
    "method": "sampling",
    "n_qubits": 10,
    "d": 2,
    "n_samples": 10000,
    "batch_size": 500,
    "acc_hat": 2.771528073430448,
    "mean_abs_expval4": 2.6431351408295135e-06,
    "se_sre_approx": 0.038202397766819024,
    "compute_time": 1.3582911491394043
  }
}