{
  "group_keys": [
    "circuit_family",
    "n_layers"
  ],
  "stats": {
    "('haar', 1)": {
      "mean": 4.193576185131625,
      "std": 0.0,
      "stderr": 0.0,
      "n": 1
    },
    "('haar', 3)": {
      "mean": 6.1209748345694575,
      "std": 0.0,
      "stderr": 0.0,
      "n": 1
    },
    "('haar', 2)": {
      "mean": 5.684506705100932,
      "std": 0.0,
      "stderr": 0.0,
      "n": 1
    },
    "('haar', 4)": {
      "mean": 6.74712345294245,
      "std": 0.0,
      "stderr": 0.0,
      "n": 1
    },
    "('haar', 5)": {
      "mean": 7.634126279136817,
      "std": 0.0,
      "stderr": 0.0,
      "n": 1
    },
    "('haar', 6)": {
      "mean": 7.258989507979822,
      "std": 0.0,
      "stderr": 0.0,
      "n": 1
    },
    "('haar', 7)": {
      "mean": 7.577421501673793,
      "std": 0.0,
      "stderr": 0.0,
      "n": 1
    },
    "('haar', 8)": {
      "mean": 7.7141809729852575,
      "std": 0.0,
      "stderr": 0.0,
      "n": 1
    },
    "('haar', 9)": {
      "mean": 7.933889348044882,
      "std": 0.0,
      "stderr": 0.0,
      "n": 1
    },
    "('haar', 10)": {
      "mean": 7.9808350335938165,
      "std": 0.0,
      "stderr": 0.0,
      "n": 1
    },
    "('haar', 11)": {
      "mean": 7.940010870631885,
      "std": 0.0,
      "stderr": 0.0,
      "n": 1
    },
    "('haar', 12)": {
      "mean": 7.9854560511452775,
      "std": 0.0,
      "stderr": 0.0,
      "n": 1
    },
    "('haar', 13)": {
      "mean": 7.982711415327311,
      "std": 0.0,
      "stderr": 0.0,
      "n": 1
    },
    "('haar', 14)": {
      "mean": 7.995645262597329,
      "std": 0.0,
      "stderr": 0.0,
      "n": 1
    },
    "('haar', 15)": {
      "mean": 8.003226654839365,
      "std": 0.0,
      "stderr": 0.0,
      "n": 1
    },
    "('haar', 16)": {
      "mean": 8.004538243376494,
      "std": 0.0,
      "stderr": 0.0,
      "n": 1
    },
    "('haar', 18)": {
      "mean": 8.005000322995834,
      "std": 0.0,
      "stderr": 0.0,
      "n": 1
    },
    "('haar', 17)": {
      "mean": 7.999566276565831,
      "std": 0.0,
      "stderr": 0.0,
      "n": 1
    },
    "('haar', 19)": {
      "mean": 8.005284547589943,
      "std": 0.0,
      "stderr": 0.0,
      "n": 1
    },
    "('haar', 20)": {
      "mean": 8.004006722779376,
      "std": 0.0,
      "stderr": 0.0,
      "n": 1
    },
    "('haar', 21)": {
      "mean": 8.012661978504864,
      "std": 0.0,
      "stderr": 0.0,
      "n": 1
    },
    "('haar', 22)": {
      "mean": 7.998770290354134,
      "std": 0.0,
      "stderr": 0.0,
      "n": 1
    },
    "('haar', 23)": {
      "mean": 8.005847664810297,
      "std": 0.0,
      "stderr": 0.0,
      "n": 1
    },
    "('haar', 24)": {
      "mean": 8.006084642626668,
      "std": 0.0,
      "stderr": 0.0,
      "n": 1
    },
    "('clifford', 1)": {
      "mean": 2.0181586974034123e-14,
      "std": 0.0,
      "stderr": 0.0,
      "n": 1
    },
    "('haar', 25)": {
      "mean": 8.007308778400434,
      "std": 0.0,
      "stderr": 0.0,
      "n": 1
    },
    "('clifford', 2)": {
      "mean": 2.8190153233571552e-14,
      "std": 0.0,
      "stderr": 0.0,
      "n": 1
    },
    "('clifford', 3)": {
      "mean": 0.830074998557724,
      "std": 0.0,
      "stderr": 0.0,
      "n": 1
    },
    "('clifford', 4)": {
      "mean": 0.4150374992789049,
      "std": 0.0,
      "stderr": 0.0,
      "n": 1
    },
    "('clifford', 5)": {
      "mean": 0.8300749985577822,
      "std": 0.0,
      "stderr": 0.0,
      "n": 1
    },
    "('clifford', 6)": {
      "mean": 1.0458036896132374,
      "std": 0.0,
      "stderr": 0.0,
      "n": 1
    },
    "('clifford', 7)": {
      "mean": 2.4377575757790235,
      "std": 0.0,
      "stderr": 0.0,
      "n": 1
    },
    "('clifford', 8)": {
      "mean": 1.245112497836649,
      "std": 0.0,
      "stderr": 0.0,
      "n": 1
    },
    "('clifford', 9)": {
      "mean": 0.8300749985578229,
      "std": 0.0,
      "stderr": 0.0,
      "n": 1
    },
    "('clifford', 10)": {
      "mean": 1.646853174502067,
      "std": 0.0,
      "stderr": 0.0,
      "n": 1
    },
    "('clifford', 11)": {
      "mean": 1.6601499971155347,
      "std": 0.0,
      "stderr": 0.0,
      "n": 1
    },
    "('clifford', 12)": {
      "mean": 2.013091375302476,
      "std": 0.0,
      "stderr": 0.0,
      "n": 1
    },
    "('clifford', 13)": {
      "mean": 2.4345408630955876,
      "std": 0.0,
      "stderr": 0.0,
      "n": 1
    },
    "('clifford', 14)": {
      "mean": 2.0462582392377,
      "std": 0.0,
      "stderr": 0.0,
      "n": 1
    },
    "('clifford', 15)": {
      "mean": 0.8300749985579775,
      "std": 0.0,
      "stderr": 0.0,
      "n": 1
    },
    "('clifford', 16)": {
      "mean": 2.200718378478349,
      "std": 0.0,
      "stderr": 0.0,
      "n": 1
    },
    "('clifford', 17)": {
      "mean": 1.646853174502206,
      "std": 0.0,
      "stderr": 0.0,
      "n": 1
    },
    "('clifford', 18)": {
      "mean": 2.9317570390140593,
      "std": 0.0,
      "stderr": 0.0,
      "n": 1
    },
    "('clifford', 19)": {
      "mean": 3.438428627952319,
      "std": 0.0,
      "stderr": 0.0,
      "n": 1
    },
    "('clifford', 20)": {
      "mean": 1.8875604932187782,
      "std": 0.0,
      "stderr": 0.0,
      "n": 1
    },
    "('clifford', 21)": {
      "mean": 5.134443038175429,
      "std": 0.0,
      "stderr": 0.0,
      "n": 1
    },
    "('clifford', 22)": {
      "mean": 4.472334009969155,
      "std": 0.0,
      "stderr": 0.0,
      "n": 1
    },
    "('clifford', 23)": {
      "mean": 5.5600090185188416,
      "std": 0.0,
      "stderr": 0.0,
      "n": 1
    },
    "('clifford', 24)": {
      "mean": 6.009825516759124,
      "std": 0.0,
      "stderr": 0.0,
      "n": 1
    },
    "('clifford', 25)": {
      "mean": 5.366910574454556,
      "std": 0.0,
      "stderr": 0.0,
      "n": 1
    },
    "('quansistor', 1)": {
      "mean": 3.9421436525605205,
      "std": 0.0,
      "stderr": 0.0,
      "n": 1
    },
    "('quansistor', 2)": {
      "mean": 5.646695860583111,
      "std": 0.0,
      "stderr": 0.0,
      "n": 1
    },
    "('quansistor', 3)": {
      "mean": 6.7808518147832,
      "std": 0.0,
      "stderr": 0.0,
      "n": 1
    },
    "('quansistor', 4)": {
      "mean": 6.736252036603676,
      "std": 0.0,
      "stderr": 0.0,
      "n": 1
    },
    "('quansistor', 5)": {
      "mean": 6.382757217088874,
      "std": 0.0,
      "stderr": 0.0,
      "n": 1
    },
    "('quansistor', 6)": {
      "mean": 7.829970042627923,
      "std": 0.0,
      "stderr": 0.0,
      "n": 1
    },
    "('quansistor', 7)": {
      "mean": 7.659553484675143,
      "std": 0.0,
      "stderr": 0.0,
      "n": 1
    },
    "('quansistor', 8)": {
      "mean": 7.6479945444485375,
      "std": 0.0,
      "stderr": 0.0,
      "n": 1
    },
    "('quansistor', 9)": {
      "mean": 7.890412540842823,
      "std": 0.0,
      "stderr": 0.0,
      "n": 1
    },
    "('quansistor', 10)": {
      "mean": 7.853234228506539,
      "std": 0.0,
      "stderr": 0.0,
      "n": 1
    },
    "('quansistor', 11)": {
      "mean": 7.848254999099663,
      "std": 0.0,
      "stderr": 0.0,
      "n": 1
    },
    "('quansistor', 12)": {
      "mean": 7.9929292653337525,
      "std": 0.0,
      "stderr": 0.0,
      "n": 1
    },
    "('quansistor', 13)": {
      "mean": 7.828435242682049,
      "std": 0.0,
      "stderr": 0.0,
      "n": 1
    },
    "('quansistor', 14)": {
      "mean": 7.982911983317373,
      "std": 0.0,
      "stderr": 0.0,
      "n": 1
    },
    "('quansistor', 15)": {
      "mean": 7.96097190619606,
      "std": 0.0,
      "stderr": 0.0,
      "n": 1
    },
    "('quansistor', 16)": {
      "mean": 7.963221239495064,
      "std": 0.0,
      "stderr": 0.0,
      "n": 1
    },
    "('quansistor', 17)": {
      "mean": 8.004232049758572,
      "std": 0.0,
      "stderr": 0.0,
      "n": 1
    },
    "('quansistor', 18)": {
      "mean": 7.995607788436481,
      "std": 0.0,