{
  "_schema": {
    "type": "property_result",
    "version": 1
  },
  "value": 0.4803574574923405,
  "error": null,
  "meta": {
    "method": "sampling",
    "n_qubits": 10,
    "d": 2,
    "n_samples": 10000,
    "batch_size": 500,
    "acc_hat": 734.0031999997481,
    "mean_abs_expval4": 0.0006999999999997597,
    "se_sre_approx": 0.4510455418803873,
    "compute_time": 1.2968981266021729
  }
}