{
  "_schema": {
    "type": "property_result",
    "version": 1
  },
  "value": 8.438289698719698,
  "error": null,
  "meta": {
    "method": "sampling",
    "n_qubits": 10,
    "d": 2,
    "n_samples": 10000,
    "batch_size": 500,
    "acc_hat": 2.952035971654687,
    "mean_abs_expval4": 2.8152808872744435e-06,
    "se_sre_approx": 0.06345306915195675,
    "compute_time": 1.3536367416381836
  }
}