{
  "_schema": {
    "type": "property_result",
    "version": 1
  },
  "value": 0.011587974275487462,
  "error": null,
  "meta": {
    "method": "sampling",
    "n_qubits": 6,
    "d": 2,
    "n_samples": 10000,
    "batch_size": 500,
    "acc_hat": 63.48799999998787,
    "mean_abs_expval4": 0.015499999999997039,
    "se_sre_approx": 0.1144945896230068,
    "compute_time": 0.6192951202392578
  }
}