{
  "group_keys": [
    "circuit_family",
    "n_qubits",
    "family.tcount"
  ],
  "stats": {
    "('haar', 6, 0)": {
      "mean": 4.068528248645103,
      "std": 0.030789518183323893,
      "stderr": 0.009736500551847325,
      "n": 10
    },
    "('haar', 6, 20)": {
      "mean": 4.0558979610056145,
      "std": 0.049544972113632846,
      "stderr": 0.01566749584886065,
      "n": 10
    },
    "('haar', 6, 38)": {
      "mean": 4.0824121573099195,
      "std": 0.04038572698706505,
      "stderr": 0.012771088224085504,
      "n": 10
    },
    "('haar', 8, 0)": {
      "mean": 6.023477677844925,
      "std": 0.016698357290038837,
      "stderr": 0.005280484221979961,
      "n": 10
    },
    "('haar', 8, 20)": {
      "mean": 6.020942352663914,
      "std": 0.009525761630193553,
      "stderr": 0.003012310319925019,
      "n": 10
    },
    "('haar', 8, 38)": {
      "mean": 6.012915669870781,
      "std": 0.017532355363931388,
      "stderr": 0.005544217569749348,
      "n": 10
    },
    "('haar', 10, 0)": {
      "mean": 8.004531078588018,
      "std": 0.0032614465411680304,
      "stderr": 0.0010313599536969093,
      "n": 10
    },
    "('haar', 10, 20)": {
      "mean": 8.003683969333249,
      "std": 0.0046353019161241345,
      "stderr": 0.0014658111697495033,
      "n": 10
    },
    "('haar', 10, 38)": {
      "mean": 8.005096730942999,
      "std": 0.00475862143248958,
      "stderr": 0.0015048082249160249,
      "n": 10
    },
    "('clifford', 6, 0)": {
      "mean": 3.6916287029967845e-13,
      "std": 2.0740355314799063e-14,
      "stderr": 6.558676227594359e-15,
      "n": 10
    },
    "('clifford', 6, 20)": {
      "mean": 3.7704329949906516e-13,
      "std": 1.833197961158532e-14,
      "stderr": 5.797080959237846e-15,
      "n": 10
    },
    "('clifford', 6, 38)": {
      "mean": 3.7219010834578443e-13,
      "std": 2.3115292938518262e-14,
      "stderr": 7.309697446772418e-15,
      "n": 10
    },
    "('clifford', 8, 0)": {
      "mean": 5.228632739527657e-13,
      "std": 2.1484488889177977e-14,
      "stderr": 6.793991925438327e-15,
      "n": 10
    },
    "('clifford', 8, 20)": {
      "mean": 5.324895705967331e-13,
      "std": 1.9685404124362003e-14,
      "stderr": 6.2250713693856436e-15,
      "n": 10
    },
    "('clifford', 8, 38)": {
      "mean": 5.180581341970416e-13,
      "std": 1.9875620094815656e-14,
      "stderr": 6.285222940782927e-15,
      "n": 10
    },
    "('clifford', 10, 0)": {
      "mean": 6.669213638293819e-13,
      "std": 1.3259718015252609e-14,
      "stderr": 4.1930910059765525e-15,
      "n": 10
    },
    "('clifford', 10, 20)": {
      "mean": 6.626287723142679e-13,
      "std": 1.0618122674654693e-14,
      "stderr": 3.3577452126987853e-15,
      "n": 10
    },
    "('clifford', 10, 38)": {
      "mean": 6.771082601115182e-13,
      "std": 2.6285259139502922e-14,
      "stderr": 8.31212877685868e-15,
      "n": 10
    },
    "('quansistor', 6, 0)": {
      "mean": 4.052467998193378,
      "std": 0.046957920481353194,
      "stderr": 0.014849398290614638,
      "n": 10
    },
    "('quansistor', 6, 20)": {
      "mean": 4.065575680898411,
      "std": 0.030715022074273082,
      "stderr": 0.009712942813705239,
      "n": 10
    },
    "('quansistor', 6, 38)": {
      "mean": 4.049616278225372,
      "std": 0.04733855579476404,
      "stderr": 0.014969765745441668,
      "n": 10
    },
    "('quansistor', 8, 0)": {
      "mean": 6.01877518034269,
      "std": 0.012151103295198508,
      "stderr": 0.003842516249680462,
      "n": 10
    },
    "('quansistor', 8, 20)": {
      "mean": 6.015607260033256,
      "std": 0.013951621873579763,
      "stderr": 0.004411890217393779,
      "n": 10
    },
    "('quansistor', 8, 38)": {
      "mean": 6.0171251157823615,
      "std": 0.019042854570302293,
      "stderr": 0.006021879359350226,
      "n": 10
    },
    "('quansistor', 10, 0)": {
      "mean": 8.004377537088457,
      "std": 0.003536154625275808,
      "stderr": 0.0011182302774410773,
      "n": 10
    },
    "('quansistor', 10, 20)": {
      "mean": 8.004943138142613,
      "std": 0.003729793461590204,
      "stderr": 0.0011794642540628789,
      "n": 10
    },
    "('quansistor', 10, 38)": {
      "mean": 8.00488370198722,
      "std": 0.0026646375877393607,
      "stderr": 0.000842632391615314,
      "n": 10
    }
  }
}