{
  "_schema": {
    "type": "property_result",
    "version": 1
  },
  "value": 0.24331826019138558,
  "error": null,
  "meta": {
    "method": "sampling",
    "n_qubits": 8,
    "d": 2,
    "n_samples": 10000,
    "batch_size": 500,
    "acc_hat": 216.2687999999416,
    "mean_abs_expval4": 0.0032999999999991088,
    "se_sre_approx": 0.22224118529916084,
    "compute_time": 0.8870182037353516
  }
}