{
  "_schema": {
    "type": "property_result",
    "version": 1
  },
  "value": -0.034215715337648014,
  "error": null,
  "meta": {
    "method": "sampling",
    "n_qubits": 6,
    "d": 2,
    "n_samples": 10000,
    "batch_size": 500,
    "acc_hat": 65.53599999998796,
    "mean_abs_expval4": 0.01599999999999706,
    "se_sre_approx": 0.1480173880612683,
    "compute_time": 0.5951504707336426
  }
}