{
  "_schema": {
    "type": "property_result",
    "version": 1
  },
  "value": 4.520245701498223,
  "error": null,
  "meta": {
    "method": "sampling",
    "n_qubits": 6,
    "d": 2,
    "n_samples": 10000,
    "batch_size": 500,
    "acc_hat": 2.789012303094348,
    "mean_abs_expval4": 0.0006809112068101435,
    "se_sre_approx": 0.045793492020385185,
    "compute_time": 0.6364789009094238
  }
}