{
  "_schema": {
    "type": "property_result",
    "version": 1
  },
  "value": 8.433660925524372,
  "error": null,
  "meta": {
    "method": "sampling",
    "n_qubits": 10,
    "d": 2,
    "n_samples": 10000,
    "batch_size": 500,
    "acc_hat": 2.961522556465479,
    "mean_abs_expval4": 2.8243279995589056e-06,
    "se_sre_approx": 0.03661440182014193,
    "compute_time": 1.362135887145996
  }
}