{
  "_schema": {
    "type": "property_result",
    "version": 1
  },
  "value": 6.457159101601089,
  "error": null,
  "meta": {
    "method": "sampling",
    "n_qubits": 8,
    "d": 2,
    "n_samples": 10000,
    "batch_size": 500,
    "acc_hat": 2.9136768873830325,
    "mean_abs_expval4": 4.445918102085926e-05,
    "se_sre_approx": 0.04720259506198824,
    "compute_time": 1.511056661605835
  }
}