{
  "_schema": {
    "type": "property_result",
    "version": 1
  },
  "value": 6.428384546487386,
  "error": null,
  "meta": {
    "method": "sampling",
    "n_qubits": 8,
    "d": 2,
    "n_samples": 10000,
    "batch_size": 500,
    "acc_hat": 2.9723735850689397,
    "mean_abs_expval4": 4.535482154951385e-05,
    "se_sre_approx": 0.0398961784058952,
    "compute_time": 0.9333949089050293
  }
}