{
  "_schema": {
    "type": "property_result",
    "version": 1
  },
  "value": 4.450877465886716,
  "error": null,
  "meta": {
    "method": "sampling",
    "n_qubits": 6,
    "d": 2,
    "n_samples": 10000,
    "batch_size": 500,
    "acc_hat": 2.926390981457894,
    "mean_abs_expval4": 0.0007144509232074937,
    "se_sre_approx": 0.21147732299554434,
    "compute_time": 0.5995969772338867
  }
}