{
  "_schema": {
    "type": "property_result",
    "version": 1
  },
  "value": 4.1350963050135245,
  "error": null,
  "meta": {
    "method": "sampling",
    "n_qubits": 6,
    "d": 2,
    "n_samples": 10000,
    "batch_size": 500,
    "acc_hat": 3.6424361807117136,
    "mean_abs_expval4": 0.0008892666456815707,
    "se_sre_approx": 0.2165537347611233,
    "compute_time": 0.6329138278961182
  }
}