{
  "_schema": {
    "type": "property_result",
    "version": 1
  },
  "value": 0.1584293626048417,
  "error": null,
  "meta": {
    "method": "sampling",
    "n_qubits": 8,
    "d": 2,
    "n_samples": 10000,
    "batch_size": 500,
    "acc_hat": 229.37599999994296,
    "mean_abs_expval4": 0.0034999999999991297,
    "se_sre_approx": 0.2456866623901768,
    "compute_time": 0.9029254913330078
  }
}