{
  "_schema": {
    "type": "property_result",
    "version": 1
  },
  "value": 4.124061093247314,
  "error": null,
  "meta": {
    "method": "sampling",
    "n_qubits": 6,
    "d": 2,
    "n_samples": 10000,
    "batch_size": 500,
    "acc_hat": 3.6704040967758296,
    "mean_abs_expval4": 0.0008960947501894115,
    "se_sre_approx": 0.22451904252232888,
    "compute_time": 0.6208758354187012
  }
}