{
  "_schema": {
    "type": "property_result",
    "version": 1
  },
  "value": 6.412852400157317,
  "error": null,
  "meta": {
    "method": "sampling",
    "n_qubits": 8,
    "d": 2,
    "n_samples": 10000,
    "batch_size": 500,
    "acc_hat": 3.004547228622251,
    "mean_abs_expval4": 4.584575238986589e-05,
    "se_sre_approx": 0.04858045218450973,
    "compute_time": 0.9209311008453369
  }
}