{
  "_schema": {
    "type": "property_result",
    "version": 1
  },
  "value": 4.171133156372568,
  "error": null,
  "meta": {
    "method": "sampling",
    "n_qubits": 6,
    "d": 2,
    "n_samples": 10000,
    "batch_size": 500,
    "acc_hat": 3.5525792759551043,
    "mean_abs_expval4": 0.0008673289247937266,
    "se_sre_approx": 0.2244189329099328,
    "compute_time": 0.5855963230133057
  }
}