{
  "_schema": {
    "type": "property_result",
    "version": 1
  },
  "value": 0.11778737810763569,
  "error": null,
  "meta": {
    "method": "sampling",
    "n_qubits": 10,
    "d": 2,
    "n_samples": 10000,
    "batch_size": 500,
    "acc_hat": 943.7183999996738,
    "mean_abs_expval4": 0.0008999999999996889,
    "se_sre_approx": 0.4335733990589445,
    "compute_time": 1.349858045578003
  }
}