{
  "_schema": {
    "type": "property_result",
    "version": 1
  },
  "value": 8.416200252149865,
  "error": null,
  "meta": {
    "method": "sampling",
    "n_qubits": 10,
    "d": 2,
    "n_samples": 10000,
    "batch_size": 500,
    "acc_hat": 2.997583097470139,
    "mean_abs_expval4": 2.8587180113507644e-06,
    "se_sre_approx": 0.0380389640959245,
    "compute_time": 1.319697618484497
  }
}