{
  "_schema": {
    "type": "property_result",
    "version": 1
  },
  "value": 8.450596925390236,
  "error": null,
  "meta": {
    "method": "sampling",
    "n_qubits": 10,
    "d": 2,
    "n_samples": 10000,
    "batch_size": 500,
    "acc_hat": 2.926960090647337,
    "mean_abs_expval4": 2.7913666635964746e-06,
    "se_sre_approx": 0.05551045567059988,
    "compute_time": 1.3594543933868408
  }
}