{
  "_schema": {
    "type": "property_result",
    "version": 1
  },
  "value": 8.411553192793248,
  "error": null,
  "meta": {
    "method": "sampling",
    "n_qubits": 10,
    "d": 2,
    "n_samples": 10000,
    "batch_size": 500,
    "acc_hat": 3.007254168029625,
    "mean_abs_expval4": 2.8679410629554987e-06,
    "se_sre_approx": 0.047319910455723195,
    "compute_time": 2.393251657485962
  }
}