{
  "_schema": {
    "type": "property_result",
    "version": 1
  },
  "value": 3.976523391677057,
  "error": null,
  "meta": {
    "method": "sampling",
    "n_qubits": 6,
    "d": 2,
    "n_samples": 10000,
    "batch_size": 500,
    "acc_hat": 4.065623468354601,
    "mean_abs_expval4": 0.00099258385457876,
    "se_sre_approx": 0.22846010687954782,
    "compute_time": 0.6497013568878174
  }
}