{
  "_schema": {
    "type": "property_result",
    "version": 1
  },
  "value": 0.9657842846625826,
  "error": null,
  "meta": {
    "method": "sampling",
    "n_qubits": 10,
    "d": 2,
    "n_samples": 10000,
    "batch_size": 500,
    "acc_hat": 524.2879999998199,
    "mean_abs_expval4": 0.0004999999999998283,
    "se_sre_approx": 0.7098664556626422,
    "compute_time": 1.3146605491638184
  }
}