{
  "_schema": {
    "type": "property_result",
    "version": 1
  },
  "value": 6.436614544613913,
  "error": null,
  "meta": {
    "method": "sampling",
    "n_qubits": 8,
    "d": 2,
    "n_samples": 10000,
    "batch_size": 500,
    "acc_hat": 2.9554656550640823,
    "mean_abs_expval4": 4.509682701208622e-05,
    "se_sre_approx": 0.04579283289147642,
    "compute_time": 3.939897060394287
  }
}