{
  "_schema": {
    "type": "property_result",
    "version": 1
  },
  "value": 6.451290196311997,
  "error": null,
  "meta": {
    "method": "sampling",
    "n_qubits": 8,
    "d": 2,
    "n_samples": 10000,
    "batch_size": 500,
    "acc_hat": 2.925553910691332,
    "mean_abs_expval4": 4.4640410014211e-05,
    "se_sre_approx": 0.03801037459067497,
    "compute_time": 0.8724699020385742
  }
}