{
  "_schema": {
    "type": "property_result",
    "version": 1
  },
  "value": 6.433780772037838,
  "error": null,
  "meta": {
    "method": "sampling",
    "n_qubits": 8,
    "d": 2,
    "n_samples": 10000,
    "batch_size": 500,
    "acc_hat": 2.9612765492351714,
    "mean_abs_expval4": 4.5185494220507376e-05,
    "se_sre_approx": 0.035602570756366,
    "compute_time": 0.8950443267822266
  }
}