{
  "_schema": {
    "type": "property_result",
    "version": 1
  },
  "value": 6.417718428356252,
  "error": null,
  "meta": {
    "method": "sampling",
    "n_qubits": 8,
    "d": 2,
    "n_samples": 10000,
    "batch_size": 500,
    "acc_hat": 2.99443034129722,
    "mean_abs_expval4": 4.5691380940204165e-05,
    "se_sre_approx": 0.044901247915276846,
    "compute_time": 2.4309587478637695
  }
}