{
  "group_keys": [
    "circuit_family",
    "n_layers"
  ],
  "stats": {
    "('haar', 1)": {
      "mean": 4.181247882532937,
      "std": 0.24801773621602272,
      "stderr": 0.07843009465614625,
      "n": 10
    },
    "('haar', 2)": {
      "mean": 5.370246579747787,
      "std": 0.3538612891266797,
      "stderr": 0.1119007649403683,
      "n": 10
    },
    "('haar', 3)": {
      "mean": 6.215010460802629,
      "std": 0.3898376365725704,
      "stderr": 0.1232774849226279,
      "n": 10
    },
    "('haar', 4)": {
      "mean": 6.908052645681304,
      "std": 0.2935963841830965,
      "stderr": 0.0928433286808419,
      "n": 10
    },
    "('haar', 5)": {
      "mean": 7.384599642250461,
      "std": 0.08390182683330627,
      "stderr": 0.026532087264228028,
      "n": 10
    },
    "('haar', 6)": {
      "mean": 7.599753212040817,
      "std": 0.10149081984803802,
      "stderr": 0.03209421523176242,
      "n": 10
    },
    "('haar', 7)": {
      "mean": 7.748683160086162,
      "std": 0.07680385478936955,
      "stderr": 0.02428751142152395,
      "n": 10
    },
    "('haar', 8)": {
      "mean": 7.831571562874967,
      "std": 0.06919415448416114,
      "stderr": 0.021881112893950245,
      "n": 10
    },
    "('haar', 9)": {
      "mean": 7.882862420221296,
      "std": 0.06748843232817303,
      "stderr": 0.0213417161871167,
      "n": 10
    },
    "('haar', 10)": {
      "mean": 7.923920303418131,
      "std": 0.05224184036735424,
      "stderr": 0.016520320471976695,
      "n": 10
    },
    "('haar', 11)": {
      "mean": 7.971637989989668,
      "std": 0.017116475807307532,
      "stderr": 0.0054127049066261135,
      "n": 10
    },
    "('haar', 12)": {
      "mean": 7.979594429040111,
      "std": 0.02185776882752535,
      "stderr": 0.00691203340644082,
      "n": 10
    },
    "('haar', 13)": {
      "mean": 7.989807455591023,
      "std": 0.010127597027988617,
      "stderr": 0.0032026273832796073,
      "n": 10
    },
    "('haar', 14)": {
      "mean": 7.995411280938005,
      "std": 0.008556915548804033,
      "stderr": 0.002705934287993044,
      "n": 10
    },
    "('haar', 15)": {
      "mean": 7.9998414509688285,
      "std": 0.0032931067849945052,
      "stderr": 0.0010413718018737039,
      "n": 10
    },
    "('haar', 16)": {
      "mean": 8.002566113246196,
      "std": 0.004146118888104585,
      "stderr": 0.001311117913625529,
      "n": 10
    },
    "('haar', 17)": {
      "mean": 8.001789899630946,
      "std": 0.002872620575795232,
      "stderr": 0.0009084023872977288,
      "n": 10
    },
    "('haar', 18)": {
      "mean": 8.002636826168454,
      "std": 0.003521144982080294,
      "stderr": 0.0011134838115046501,
      "n": 10
    },
    "('haar', 19)": {
      "mean": 8.003229269134248,
      "std": 0.002281131854341968,
      "stderr": 0.0007213572302884074,
      "n": 10
    },
    "('haar', 20)": {
      "mean": 8.002783004017767,
      "std": 0.0025075244475255016,
      "stderr": 0.000792948854273595,
      "n": 10
    },
    "('haar', 21)": {
      "mean": 8.003982032659973,
      "std": 0.005210226793811062,
      "stderr": 0.0016476183794479442,
      "n": 10
    },
    "('haar', 22)": {
      "mean": 8.005179017230256,
      "std": 0.003359012903675006,
      "stderr": 0.001062213146550879,
      "n": 10
    },
    "('haar', 23)": {
      "mean": 8.002654304675849,
      "std": 0.0034298863784498813,
      "stderr": 0.0010846253071487887,
      "n": 10
    },
    "('haar', 24)": {
      "mean": 8.004607600481759,
      "std": 0.0031004425991683227,
      "stderr": 0.0009804460367984372,
      "n": 10
    },
    "('haar', 25)": {
      "mean": 8.005395930768085,
      "std": 0.0029822194681027683,
      "stderr": 0.000943060600170061,
      "n": 10
    },
    "('quansistor', 1)": {
      "mean": 4.837291031168429,
      "std": 0.41363225616611066,
      "stderr": 0.1308020043199136,
      "n": 10
    },
    "('quansistor', 2)": {
      "mean": 5.958414014312508,
      "std": 0.31433860974066247,
      "stderr": 0.09940259633112834,
      "n": 10
    },
    "('quansistor', 3)": {
      "mean": 6.292541310150507,
      "std": 0.31533403521540404,
      "stderr": 0.09971737750524212,
      "n": 10
    },
    "('quansistor', 4)": {
      "mean": 6.899791666717626,
      "std": 0.3311117745724524,
      "stderr": 0.10470673677491746,
      "n": 10
    },
    "('quansistor', 5)": {
      "mean": 7.078623670501213,
      "std": 0.27297470070224383,
      "stderr": 0.08632217978218552,
      "n": 10
    },
    "('quansistor', 6)": {
      "mean": 7.263482413630382,
      "std": 0.3215663974312186,
      "stderr": 0.10168822348575692,
      "n": 10
    },
    "('quansistor', 7)": {
      "mean": 7.486635382285367,
      "std": 0.24215186264418628,
      "stderr": 0.07657514256078721,
      "n": 10
    },
    "('quansistor', 8)": {
      "mean": 7.733383210386025,
      "std": 0.18939155118757492,
      "stderr": 0.059890867134510424,
      "n": 10
    },
    "('quansistor', 9)": {
      "mean": 7.824101035398212,
      "std": 0.0588592507756574,
      "stderr": 0.018612929382210975,
      "n": 10
    },
    "('quansistor', 10)": {
      "mean": 7.864818575605156,
      "std": 0.06183458693368654,
      "stderr": 0.01955381328861365,
      "n": 10
    },
    "('quansistor', 11)": {
      "mean": 7.878308637016903,
      "std": 0.05537032506491642,
      "stderr": 0.017509634198904646,
      "n": 10
    },
    "('quansistor', 12)": {
      "mean": 7.934956775879958,
      "std": 0.02903438116059812,
      "stderr": 0.00918147749209731,
      "n": 10
    },
    "('quansistor', 13)": {
      "mean": 7.974726345659576,
      "std": 0.024072357377046327,
      "stderr": 0.007612347796102308,
      "n": 10
    },
    "('quansistor', 14)": {
      "mean": 7.980019032360519,
      "std": 0.01881401431794444,
      "stderr": 0.005949513717572372,
      "n": 10
    },
    "('quansistor', 15)": {
      "mean": 7.986562475272575,
      "std": 0.010776803602392936,
      "stderr": 0.003407924527986929,
      "n": 10
    },
    "('quansistor', 16)": {
      "mean": 7.995208324880157,
      "std": 0.005063971683933198,
      "stderr": 0.0016013684527827199,
      "n": 10
    },
    "('quansistor', 17)": {
      "mean": 7.992389503195329,
      "std": 0.012675947470357178,
      "stderr": 0.004008486550697838,
      "n": 10
    },
    "('quansistor', 18)": {
      "mean": 7.997105592737202,
      "std": 0.009439552870615615,
      "stderr": 0.0029850487164726053,
      "n": 10
    },
    "('quansistor', 19)": {
      "mean": 7.999971223965071,
      "std": 0.00369099605646092,
      "stderr": 0.0011671954373115954,
      "n": 10
    },
    "('quansistor', 20)": {
      "mean": 8.00530807768835,
      "std": 0.001835065346839325,
      "stderr": 0.0005802986151259136,
      "n": 10
    },
    "('quansistor', 21)": {
      "mean": 8.002318910891763,
      "std": 0.004551365388144993,
      "stderr": 0.0014392681090194493,
      "n": 10
    },
    "('quansistor', 22)": {
      "mean": 8.000620417696334,
      "std": 0.006918122496797454,
      "stderr": 0.002187702422193088,
      "n": 10
    },
    "('quansistor', 23)": {
      "mean": 8.004097012992121,
      "std": 0.0027990504149341296,
      "stderr": 0.000885137459683123,
      "n": 10
    },
    "('quansistor', 24)": {
      "mean": 8.002990679332507,
      "std": 0.004841496199752645,
      "stderr": 0.0015310155274267892,
      "n": 10
    },
    "('quansistor', 25)": {
      "mean": 8.00221516814429,
      "std": 0.0032623178836591795,
      "stderr": 0.0010316354963863209,
      "n": 10
    }
  }
}