{
  "_schema": {
    "type": "property_result",
    "version": 1
  },
  "value": 8.350800647519437,
  "error": null,
  "meta": {
    "method": "sampling",
    "n_qubits": 10,
    "d": 2,
    "n_samples": 10000,
    "batch_size": 500,
    "acc_hat": 3.136595202997417,
    "mean_abs_expval4": 2.9912902860616845e-06,
    "se_sre_approx": 0.04540271956841801,
    "compute_time": 1.461216926574707
  }
}