{
  "_schema": {
    "type": "property_result",
    "version": 1
  },
  "value": -0.006908369341884186,
  "error": null,
  "meta": {
    "method": "sampling",
    "n_qubits": 6,
    "d": 2,
    "n_samples": 10000,
    "batch_size": 500,
    "acc_hat": 64.30719999998692,
    "mean_abs_expval4": 0.015699999999996807,
    "se_sre_approx": 0.1141316235589848,
    "compute_time": 0.6613707542419434
  }
}