{
  "_schema": {
    "type": "property_result",
    "version": 1
  },
  "value": 6.450719096280182,
  "error": null,
  "meta": {
    "method": "sampling",
    "n_qubits": 8,
    "d": 2,
    "n_samples": 10000,
    "batch_size": 500,
    "acc_hat": 2.926712239113476,
    "mean_abs_expval4": 4.465808470326959e-05,
    "se_sre_approx": 0.045824200849349996,
    "compute_time": 2.26249623298645
  }
}