{
  "_schema": {
    "type": "property_result",
    "version": 1
  },
  "value": 8.510951418662371,
  "error": null,
  "meta": {
    "method": "sampling",
    "n_qubits": 10,
    "d": 2,
    "n_samples": 10000,
    "batch_size": 500,
    "acc_hat": 2.807037974731721,
    "mean_abs_expval4": 2.6770000216786584e-06,
    "se_sre_approx": 0.052305808162219025,
    "compute_time": 1.3662333488464355
  }
}