{
  "_schema": {
    "type": "property_result",
    "version": 1
  },
  "value": 6.436702835727981,
  "error": null,
  "meta": {
    "method": "sampling",
    "n_qubits": 8,
    "d": 2,
    "n_samples": 10000,
    "batch_size": 500,
    "acc_hat": 2.955284789833798,
    "mean_abs_expval4": 4.509406722768857e-05,
    "se_sre_approx": 0.03952280916843243,
    "compute_time": 0.8893582820892334
  }
}