{
  "_schema": {
    "type": "property_result",
    "version": 1
  },
  "value": 8.385213470182986,
  "error": null,
  "meta": {
    "method": "sampling",
    "n_qubits": 10,
    "d": 2,
    "n_samples": 10000,
    "batch_size": 500,
    "acc_hat": 3.0626627899153314,
    "mean_abs_expval4": 2.920782842555362e-06,
    "se_sre_approx": 0.050249899376213894,
    "compute_time": 4.763657093048096
  }
}