{
  "group_keys": [
    "circuit_family",
    "n_qubits"
  ],
  "stats": {
    "('haar', 4)": {
      "mean": 2.1869528413916877,
      "std": 0.16306088287851314,
      "stderr": 0.05156437871740546,
      "n": 10
    },
    "('haar', 6)": {
      "mean": 4.078976113313122,
      "std": 0.032357712204570975,
      "stderr": 0.01023240704386725,
      "n": 10
    },
    "('haar', 8)": {
      "mean": 6.019963041300796,
      "std": 0.014412701487239441,
      "stderr": 0.004557696393577286,
      "n": 10
    },
    "('haar', 10)": {
      "mean": 8.004845684453707,
      "std": 0.002184225307347731,
      "stderr": 0.0006907126894200143,
      "n": 10
    },
    "('clifford', 4)": {
      "mean": 2.212757715846059,
      "std": 0.10839135627325536,
      "stderr": 0.03427635644982671,
      "n": 10
    },
    "('clifford', 6)": {
      "mean": 3.851484908864643,
      "std": 0.20464509795720956,
      "stderr": 0.06471446215330534,
      "n": 10
    },
    "('clifford', 8)": {
      "mean": 5.548689281946595,
      "std": 0.556240002409585,
      "stderr": 0.1758985333311836,
      "n": 10
    },
    "('clifford', 10)": {
      "mean": 7.11835865284506,
      "std": 0.6663292771824167,
      "stderr": 0.21071181875501002,
      "n": 10
    },
    "('quansistor', 4)": {
      "mean": 2.199954707417822,
      "std": 0.22450701905147344,
      "stderr": 0.07099535308974711,
      "n": 10
    },
    "('quansistor', 6)": {
      "mean": 4.079525793610519,
      "std": 0.03200485385995975,
      "stderr": 0.010120823437830443,
      "n": 10
    },
    "('quansistor', 8)": {
      "mean": 6.016298037077176,
      "std": 0.009965053659103586,
      "stderr": 0.003151226656856243,
      "n": 10
    },
    "('quansistor', 10)": {
      "mean": 8.004268956157153,
      "std": 0.003848601893831582,
      "stderr": 0.001217034779174533,
      "n": 10
    }
  }
}