{
  "group_keys": [
    "circuit_family",
    "n_qubits"
  ],
  "stats": {
    "('haar', 4)": {
      "mean": 1.0111151563484142,
      "std": 0.19471994639285448,
      "stderr": 0.050276473970261755,
      "n": 15
    },
    "('haar', 6)": {
      "mean": 2.0168979058819905,
      "std": 0.11553050479693408,
      "stderr": 0.02982984807049745,
      "n": 15
    },
    "('haar', 8)": {
      "mean": 2.9725839243249923,
      "std": 0.06187066153831762,
      "stderr": 0.015974936117115993,
      "n": 15
    },
    "('haar', 10)": {
      "mean": 3.9785949974484356,
      "std": 0.03365801449533879,
      "stderr": 0.008690461973790331,
      "n": 15
    },
    "('haar', 12)": {
      "mean": 4.983848636347486,
      "std": 0.013597054873526188,
      "stderr": 0.003510744472175688,
      "n": 15
    },
    "('haar', 14)": {
      "mean": 5.922304517656062,
      "std": 0.024401586942959932,
      "stderr": 0.006300462656741078,
      "n": 15
    },
    "('clifford', 4)": {
      "mean": 1.112077051622225,
      "std": 0.1841539339909971,
      "stderr": 0.04754834129904745,
      "n": 15
    },
    "('clifford', 6)": {
      "mean": 2.0188625971725336,
      "std": 0.09405532155376359,
      "stderr": 0.02428497959999399,
      "n": 15
    },
    "('clifford', 8)": {
      "mean": 3.05557370735057,
      "std": 0.08594414070334992,
      "stderr": 0.02219068170987875,
      "n": 15
    },
    "('clifford', 10)": {
      "mean": 4.035775507945711,
      "std": 0.13836978778550593,
      "stderr": 0.035726925580767926,
      "n": 15
    },
    "('clifford', 12)": {
      "mean": 4.794041215746607,
      "std": 0.3319379396298396,
      "stderr": 0.08570600747738477,
      "n": 15
    },
    "('clifford', 14)": {
      "mean": 5.574312687656404,
      "std": 0.3680632695510317,
      "stderr": 0.09503352755478647,
      "n": 15
    },
    "('quansistor', 4)": {
      "mean": 1.1113272080052041,
      "std": 0.13495108449525225,
      "stderr": 0.03484422018684946,
      "n": 15
    },
    "('quansistor', 6)": {
      "mean": 2.0101052394527636,
      "std": 0.12431263365699438,
      "stderr": 0.032097383991781525,
      "n": 15
    },
    "('quansistor', 8)": {
      "mean": 3.008485940895545,
      "std": 0.047930242309548024,
      "stderr": 0.012375535349637708,
      "n": 15
    },
    "('quansistor', 10)": {
      "mean": 3.9791352391460766,
      "std": 0.034968808410886634,
      "stderr": 0.009028907507472119,
      "n": 15
    },
    "('quansistor', 12)": {
      "mean": 4.849765687336051,
      "std": 0.11165344238094403,
      "stderr": 0.028828794859208376,
      "n": 15
    },
    "('quansistor', 14)": {
      "mean": 5.832031926338751,
      "std": 0.09092909394011855,
      "stderr": 0.023477791101053927,
      "n": 15
    }
  }
}