{
  "_schema": {
    "type": "property_result",
    "version": 1
  },
  "value": 0.20024953829949688,
  "error": null,
  "meta": {
    "method": "sampling",
    "n_qubits": 8,
    "d": 2,
    "n_samples": 10000,
    "batch_size": 500,
    "acc_hat": 222.82239999994025,
    "mean_abs_expval4": 0.003399999999999088,
    "se_sre_approx": 0.2545932425098171,
    "compute_time": 0.8770051002502441
  }
}