{
  "group_keys": [
    "circuit_family",
    "n_qubits"
  ],
  "stats": {
    "('clifford', 8)": {
      "mean": 3.9197660605101967e-13,
      "std": 1.6597854166765077e-14,
      "stderr": 1.7495674479431284e-15,
      "n": 90
    }
  }
}