{
  "group_keys": [
    "circuit_family",
    "n_layers"
  ],
  "stats": {
    "('haar', 1)": {
      "mean": 3.2103217490970932,
      "std": 0.4020221759586821,
      "stderr": 0.10380167948626957,
      "n": 15
    },
    "('haar', 2)": {
      "mean": 4.398563401874705,
      "std": 0.2852362506811155,
      "stderr": 0.07364768324150696,
      "n": 15
    },
    "('haar', 3)": {
      "mean": 4.8631195241072245,
      "std": 0.30693260160520436,
      "stderr": 0.0792496569616715,
      "n": 15
    },
    "('haar', 4)": {
      "mean": 5.22848780538524,
      "std": 0.2472493730535652,
      "stderr": 0.06383951361311219,
      "n": 15
    },
    "('haar', 5)": {
      "mean": 5.597141870382994,
      "std": 0.15636383205583737,
      "stderr": 0.04037296783342877,
      "n": 15
    },
    "('haar', 6)": {
      "mean": 5.816729026236589,
      "std": 0.07736961470442055,
      "stderr": 0.019976748616847017,
      "n": 15
    },
    "('haar', 7)": {
      "mean": 5.870669569182321,
      "std": 0.09187829471240173,
      "stderr": 0.02372287368660459,
      "n": 15
    },
    "('haar', 8)": {
      "mean": 5.912005459669544,
      "std": 0.06816668066386608,
      "stderr": 0.0176005612651595,
      "n": 15
    },
    "('haar', 9)": {
      "mean": 5.967096676142109,
      "std": 0.04195451210294073,
      "stderr": 0.010832608444863131,
      "n": 15
    },
    "('haar', 10)": {
      "mean": 5.984085597574511,
      "std": 0.02662155147023198,
      "stderr": 0.006873655032960802,
      "n": 15
    },
    "('haar', 11)": {
      "mean": 5.996734040967868,
      "std": 0.01493875490352646,
      "stderr": 0.003857169930295491,
      "n": 15
    },
    "('haar', 12)": {
      "mean": 6.003535781999519,
      "std": 0.01166348764353076,
      "stderr": 0.003011499560139375,
      "n": 15
    },
    "('haar', 13)": {
      "mean": 6.008561571691583,
      "std": 0.017521502368378863,
      "stderr": 0.004524032458217676,
      "n": 15
    },
    "('haar', 14)": {
      "mean": 6.01368231835373,
      "std": 0.015098369528839292,
      "stderr": 0.003898382249338673,
      "n": 15
    },
    "('haar', 15)": {
      "mean": 6.011766807869117,
      "std": 0.01448776527310361,
      "stderr": 0.003740724908432829,
      "n": 15
    },
    "('haar', 16)": {
      "mean": 6.011589531493395,
      "std": 0.014778205008375142,
      "stderr": 0.0038157161256183974,
      "n": 15
    },
    "('haar', 17)": {
      "mean": 6.016084598953253,
      "std": 0.012341866277220401,
      "stderr": 0.003186656170186236,
      "n": 15
    },
    "('haar', 18)": {
      "mean": 6.016928335985797,
      "std": 0.010623552654782516,
      "stderr": 0.0027429895006353517,
      "n": 15
    },
    "('haar', 19)": {
      "mean": 6.020169047240502,
      "std": 0.014408354148576935,
      "stderr": 0.0037202210442464677,
      "n": 15
    },
    "('haar', 20)": {
      "mean": 6.0133431613762705,
      "std": 0.012351724054785235,
      "stderr": 0.003189201437408851,
      "n": 15
    },
    "('haar', 21)": {
      "mean": 6.019637737755914,
      "std": 0.012003986454876242,
      "stderr": 0.0030994159751890063,
      "n": 15
    },
    "('haar', 22)": {
      "mean": 6.015333701021346,
      "std": 0.013334446917942479,
      "stderr": 0.0034429393896052026,
      "n": 15
    },
    "('haar', 23)": {
      "mean": 6.0169208128710965,
      "std": 0.012054107536223147,
      "stderr": 0.0031123571827457045,
      "n": 15
    },
    "('haar', 24)": {
      "mean": 6.01002402159032,
      "std": 0.011250196700829612,
      "stderr": 0.0029047882975913805,
      "n": 15
    },
    "('haar', 25)": {
      "mean": 6.021834191731766,
      "std": 0.00888434799292453,
      "stderr": 0.0022939287879005328,
      "n": 15
    },
    "('haar', 26)": {
      "mean": 6.011798122474073,
      "std": 0.008128398059484888,
      "stderr": 0.002098743354381977,
      "n": 15
    },
    "('haar', 27)": {
      "mean": 6.015002831617518,
      "std": 0.011524011049156312,
      "stderr": 0.002975486858326177,
      "n": 15
    },
    "('haar', 28)": {
      "mean": 6.01486959585969,
      "std": 0.016861881039178312,
      "stderr": 0.004353718963364547,
      "n": 15
    },
    "('haar', 29)": {
      "mean": 6.012078465998849,
      "std": 0.01411421520506119,
      "stderr": 0.003644274695599299,
      "n": 15
    },
    "('haar', 30)": {
      "mean": 6.02194611668896,
      "std": 0.011800658476075466,
      "stderr": 0.0030469169168081114,
      "n": 15
    },
    "('haar', 31)": {
      "mean": 6.017156592606744,
      "std": 0.01453906749645578,
      "stderr": 0.0037539710855439196,
      "n": 15
    },
    "('haar', 32)": {
      "mean": 6.017885038997065,
      "std": 0.014763005798141585,
      "stderr": 0.0038117917064110596,
      "n": 15
    },
    "('haar', 33)": {
      "mean": 6.018003758086301,
      "std": 0.01248010679626626,
      "stderr": 0.0032223497187219485,
      "n": 15
    },
    "('haar', 34)": {
      "mean": 6.014897258829463,
      "std": 0.009733074131272536,
      "stderr": 0.0025130689345213833,
      "n": 15
    },
    "('haar', 35)": {
      "mean": 6.023325866115626,
      "std": 0.009780856543847293,
      "stderr": 0.0025254063003976265,
      "n": 15
    },
    "('quansistor', 1)": {
      "mean": 3.7974200667947478,
      "std": 0.4529928872513324,
      "stderr": 0.11696226055165497,
      "n": 15
    },
    "('quansistor', 2)": {
      "mean": 4.383802863097429,
      "std": 0.4310568492158031,
      "stderr": 0.1112983998854298,
      "n": 15
    },
    "('quansistor', 3)": {
      "mean": 4.8830745308380115,
      "std": 0.4194678606731017,
      "stderr": 0.10830613591041173,
      "n": 15
    },
    "('quansistor', 4)": {
      "mean": 5.179192662024844,
      "std": 0.34192346976112253,
      "stderr": 0.08828426027081886,
      "n": 15
    },
    "('quansistor', 5)": {
      "mean": 5.559091794940492,
      "std": 0.18138781492859843,
      "stderr": 0.04683413242822765,
      "n": 15
    },
    "('quansistor', 6)": {
      "mean": 5.638895189534884,
      "std": 0.1822697741685852,
      "stderr": 0.047061853324794484,
      "n": 15
    },
    "('quansistor', 7)": {
      "mean": 5.737258628719859,
      "std": 0.25995493050519464,
      "stderr": 0.06712007444074168,
      "n": 15
    },
    "('quansistor', 8)": {
      "mean": 5.828217759741037,
      "std": 0.1677923104026357,
      "stderr": 0.04332378825407157,
      "n": 15
    },
    "('quansistor', 9)": {
      "mean": 5.885535138727348,
      "std": 0.09675497921603911,
      "stderr": 0.024982028211090947,
      "n": 15
    },
    "('quansistor', 10)": {
      "mean": 5.922440478851017,
      "std": 0.06565462360338312,
      "stderr": 0.01695195092116128,
      "n": 15
    },
    "('quansistor', 11)": {
      "mean": 5.985004102794385,
      "std": 0.0317182254423414,
      "stderr": 0.008189610593962709,
      "n": 15
    },
    "('quansistor', 12)": {
      "mean": 5.978152376062439,
      "std": 0.03155226870370507,
      "stderr": 0.008146760748300747,
      "n": 15
    },
    "('quansistor', 13)": {
      "mean": 5.994140822521853,
      "std": 0.03051789385935123,
      "stderr": 0.007879686311906194,
      "n": 15
    },
    "('quansistor', 14)": {
      "mean": 6.0078281283399795,
      "std": 0.016273359141525497,
      "stderr": 0.0042017632627986985,
      "n": 15
    },
    "('quansistor', 15)": {
      "mean": 6.008486346058376,
      "std": 0.019717015114658634,
      "stderr": 0.005090911411732854,
      "n": 15
    },
    "('quansistor', 16)": {
      "mean": 6.01396751386092,
      "std": 0.01939145262515784,
      "stderr": 0.005006851538400427,
      "n": 15
    },
    "('quansistor', 17)": {
      "mean": 6.014964437461816,
      "std": 0.01363733030880537,
      "stderr": 0.003521143544848856,
      "n": 15
    },
    "('quansistor', 18)": {
      "mean": 6.013850618963347,
      "std": 0.014844434709554863,
      "stderr": 0.0038328165609312877,