{
  "_schema": {
    "type": "property_result",
    "version": 1
  },
  "value": 8.37121180331703,
  "error": null,
  "meta": {
    "method": "sampling",
    "n_qubits": 10,
    "d": 2,
    "n_samples": 10000,
    "batch_size": 500,
    "acc_hat": 3.0925312992754734,
    "mean_abs_expval4": 2.9492676728014693e-06,
    "se_sre_approx": 0.04200948577248452,
    "compute_time": 1.3429102897644043
  }
}