{
  "_schema": {
    "type": "property_result",
    "version": 1
  },
  "value": 4.061283059864675,
  "error": null,
  "meta": {
    "method": "sampling",
    "n_qubits": 6,
    "d": 2,
    "n_samples": 10000,
    "batch_size": 500,
    "acc_hat": 3.833645510697914,
    "mean_abs_expval4": 0.0009359486110102329,
    "se_sre_approx": 0.24271411086800904,
    "compute_time": 0.6157536506652832
  }
}