{
  "_schema": {
    "type": "property_result",
    "version": 1
  },
  "value": 4.09241222522143,
  "error": null,
  "meta": {
    "method": "sampling",
    "n_qubits": 6,
    "d": 2,
    "n_samples": 10000,
    "batch_size": 500,
    "acc_hat": 3.7518126170965624,
    "mean_abs_expval4": 0.0009159698772208404,
    "se_sre_approx": 0.24856597076774897,
    "compute_time": 0.5992624759674072
  }
}