{
  "_schema": {
    "type": "property_result",
    "version": 1
  },
  "value": 4.028012707833736,
  "error": null,
  "meta": {
    "method": "sampling",
    "n_qubits": 6,
    "d": 2,
    "n_samples": 10000,
    "batch_size": 500,
    "acc_hat": 3.9230814597347154,
    "mean_abs_expval4": 0.0009577835595055458,
    "se_sre_approx": 0.2371087642592457,
    "compute_time": 0.604259729385376
  }
}