{
  "_schema": {
    "type": "property_result",
    "version": 1
  },
  "value": 8.43133983555977,
  "error": null,
  "meta": {
    "method": "sampling",
    "n_qubits": 10,
    "d": 2,
    "n_samples": 10000,
    "batch_size": 500,
    "acc_hat": 2.966291057546341,
    "mean_abs_expval4": 2.828875596567479e-06,
    "se_sre_approx": 0.04577280812757623,
    "compute_time": 4.9801623821258545
  }
}